trade_no,entry_time_uk,exit_time_uk,entry_price,exit_price,return_pct,result,holding_bars,holding_hours,lower_bb_touch_count,signal_depth_pct,range_high_150,range_low_150,entry_bb_lower,entry_bb_mid,entry_bb_upper,exit_bb_upper,exit_high,exit_exact_touch
1,2025-10-16 18:00:00+0100,2025-10-17 15:00:00+0100,24865.5,24920.849100066087,0.22259395574626417,WIN,20,21,2,42.77620396600567,25394,24158.5,24855.878400119233,24988.225,25120.571599880765,24920.849100066087,24960.75,true
2,2025-10-22 15:00:00+0100,2025-10-23 14:00:00+0100,25173,25172.565013616335,-0.0017279878586795583,LOSS,22,23,3,20.360219263899765,25368,24410.25,25201.998237783177,25270.9375,25339.876762216823,25172.565013616335,25179.75,true
3,2025-10-30 14:00:00+0000,2025-11-03 09:00:00+0000,26016.5,26156,0.5361981819230088,WIN,40,91,3,23.99247294966285,26399,24804.75,26066.667427262208,26230.6125,26394.55757273779,26194.025614040052,26156,false
4,2025-11-04 00:00:00+0000,2025-11-05 14:00:00+0000,26013.75,25686.911834041184,-1.2564054238962674,LOSS,37,38,2,36.51658767772512,26399,25344,26018.669982412528,26105.9125,26193.15501758747,25686.911834041184,25696,true
5,2025-11-06 15:00:00+0000,2025-11-10 18:00:00+0000,25303,25673.20180380075,1.463074749242188,WIN,50,99,2,98.11996418979409,26399,25282,25473.18293893354,25696.8,25920.41706106646,25673.20180380075,25682.5,true
6,2025-11-11 13:00:00+0000,2025-11-12 00:00:00+0000,25597,25699.5,0.40043755127554537,WIN,10,11,2,42.97414485305926,26266,24709.25,25568.44866131148,25672.7375,25777.02633868852,25727.861857414766,25699.5,false
7,2025-11-12 15:00:00+0000,2025-11-14 16:00:00+0000,25557,25268.25,-1.129827444535747,LOSS,47,49,2,30.11129431162407,25922.25,24709.25,25577.00391420083,25719.2125,25861.42108579917,25293.443835242328,25268.25,false
8,2025-11-17 13:00:00+0000,2025-11-19 14:00:00+0000,25078.25,24817.832135071196,-1.0384212013549776,LOSS,47,49,2,62.46364769422518,25830,24626.5,25078.937419220852,25214.3375,25349.73758077915,24817.832135071196,24903.75,true
9,2025-11-20 17:00:00+0000,2025-11-21 14:00:00+0000,24395,24298,-0.39762246361959575,LOSS,20,21,2,94.31482090042721,25830,24308.5,24653.73554782622,25076.6625,25499.589452173775,24327.833812670808,24298,false
10,2025-11-21 16:00:00+0000,2025-11-21 17:00:00+0000,24372.25,24342.3353097859,-0.12274078188965198,LOSS,1,1,2,74.2570170610897,25721.5,23904.5,23994.759005670985,24152.3375,24309.915994329018,24342.3353097859,24415.5,true
11,2025-11-25 12:00:00+0000,2025-11-25 13:00:00+0000,24910.25,24960,0.1997169839724533,WIN,1,1,2,30.959327269607,25361.25,23904.5,24848.70464551621,24914.0375,24979.370354483788,24975.24631412312,24960,false
12,2025-11-25 14:00:00+0000,2025-11-25 17:00:00+0000,24817,24996.667628080682,0.7239699725215765,WIN,3,3,3,37.36056289685944,25361.25,23904.5,24837.466058566206,24910.725,24983.98394143379,24996.667628080682,25060.75,true
13,2025-12-08 15:00:00+0000,2025-12-09 16:00:00+0000,25663,25716,0.20652300978061255,WIN,24,25,2,27.91964589717399,25868,25133.75,25697.757311365593,25767.85,25837.942688634404,25734.84749760279,25716,false
14,2025-12-10 01:00:00+0000,2025-12-10 04:00:00+0000,25656.25,25710,0.20950060901339107,WIN,3,3,2,32.14421252371917,25868,25209.25,25622.86259419206,25676.775,25730.68740580794,25730.50513035149,25710,false
15,2025-12-10 11:00:00+0000,2025-12-10 13:00:00+0000,25665.5,25720,0.2123473144883148,WIN,2,2,2,37.27565577542568,25868,25324.75,25641.93636260847,25689.675,25737.413637391528,25736.517266986386,25720,false
16,2025-12-10 14:00:00+0000,2025-12-10 19:00:00+0000,25631.25,25773.87705249831,0.556457654224074,WIN,5,5,3,43.58030372756558,25868,25324.75,25628.116027401516,25681.7125,25735.308972598486,25773.87705249831,25834.75,true
17,2025-12-11 03:00:00+0000,2025-12-11 19:00:00+0000,25486.5,25722.75,0.926961332470122,WIN,16,16,2,78.7801127626858,25870.75,25383,25509.5639621625,25673.0625,25836.5610378375,25727.74677980125,25722.75,false
18,2025-12-12 12:00:00+0000,2025-12-15 11:00:00+0000,25567.25,25349.29572969458,-0.8524744362628844,LOSS,22,71,2,62.22450025627884,25870.75,25383,25509.707281199124,25648.975,25788.242718800873,25349.29572969458,25357.5,true
19,2025-12-15 16:00:00+0000,2025-12-16 10:00:00+0000,25162.5,25274.5,0.4451068057625518,WIN,17,18,2,84.56716417910448,25870.75,25033.25,25141.01197387262,25263.9625,25386.913026127382,25301.226407238777,25274.5,false
20,2025-12-17 15:00:00+0000,2025-12-18 11:00:00+0000,25059.5,25104,0.17757736586923034,WIN,19,20,2,76.29908300023513,25870.75,24807.5,25039.198234153668,25320.7125,25602.226765846335,25112.033704943427,25104,false
21,2025-12-29 13:00:00+0000,2025-12-30 04:00:00+0000,25693,25752.5,0.23158058615186938,WIN,14,15,3,20.5470737913486,25935.25,24756.25,25705.359303929647,25821.8125,25938.265696070353,25777.109159069954,25752.5,false
22,2025-12-30 07:00:00+0000,2025-12-30 08:00:00+0000,25703.75,25741.25,0.14589310898214247,WIN,1,1,2,26.59391154508903,25935.25,25064.75,25676.888640742265,25724.075,25771.261359257736,25765.31676073689,25741.25,false
23,2025-12-30 10:00:00+0000,2025-12-30 11:00:00+0000,25727.25,25736,0.0340106307514354,WIN,1,1,2,23.89431361286617,25935.25,25064.75,25683.889635538933,25723.8375,25763.78536446107,25764.363699359023,25736,false
24,2025-12-30 12:00:00+0000,2025-12-30 13:00:00+0000,25726.5,25744.75,0.07093852642217069,WIN,1,1,3,27.449046679815908,25935.25,25174.75,25686.52573908157,25725.425,25764.324260918427,25763.18830562213,25744.75,false
25,2025-12-30 14:00:00+0000,2025-12-30 15:00:00+0000,25756.75,25761.5,0.018441767691967925,WIN,1,1,3,23.776223776223777,25935.25,25184.5,25692.13411043185,25729.175,25766.21588956815,25765.57653828495,25761.5,false
26,2025-12-30 16:00:00+0000,2025-12-30 17:00:00+0000,25720.5,25739,0.07192706207110877,WIN,1,1,3,28.91282396499495,25935.25,25192.5,25698.962194560056,25729.4,25759.837805439947,25758.75634840964,25739,false
27,2025-12-30 18:00:00+0000,2025-12-30 19:00:00+0000,25732.5,25743,0.04080443019527369,WIN,1,1,3,27.445008460236885,25935.25,25196.5,25699.03150790575,25728.1875,25757.34349209425,25756.965804123218,25743,false
28,2025-12-30 20:00:00+0000,2025-12-31 13:00:00+0000,25677.5,25714.75,0.14506863985979113,WIN,16,17,3,35.60082872928177,25935.25,25211.25,25692.26871464807,25727.075,25761.88128535193,25737.90552287347,25714.75,false
29,2025-12-31 16:00:00+0000,2025-12-31 19:00:00+0000,25605,25634.5,0.1152118726811091,WIN,3,3,2,84.08656906429026,25935.25,25542.5,25540.585067926688,25615.85,25691.11493207331,25669.602917219276,25634.5,false
30,2025-12-31 20:00:00+0000,2026-01-02 08:00:00+0000,25455.25,25718.5,1.0341678042839808,WIN,5,36,3,97.809475292919,25935.25,25444.5,25501.205107957365,25593.95,25686.694892042637,25723.215171861095,25718.5,false
31,2026-01-02 16:00:00+0000,2026-01-05 11:00:00+0000,25341.5,25577,0.9293056843517444,WIN,18,67,2,92.62870514820592,25935.25,25294.25,25367.103769027963,25602.325,25837.54623097204,25594.321556579565,25577,false
32,2026-01-06 09:00:00+0000,2026-01-06 12:00:00+0000,25586.75,25649,0.2432899840737912,WIN,3,3,2,52.014925373134325,25935.25,25265.25,25542.56715758345,25610.75,25678.93284241655,25674.157647392123,25649,false
33,2026-01-07 11:00:00+0000,2026-01-07 14:00:00+0000,25768,25856.215899735897,0.34234670807162804,WIN,3,3,2,20.670611439842208,25899,25265.25,25698.967103583087,25780.7625,25862.557896416914,25856.215899735897,25880,true
34,2026-01-08 07:00:00+0000,2026-01-09 09:00:00+0000,25749.75,25725.25,-0.09514655482092405,LOSS,25,26,2,33.72093023255814,25996.25,25265.25,25678.315714629705,25829.6,25980.88428537029,25755.062515421945,25725.25,false
35,2026-01-09 15:00:00+0000,2026-01-09 16:00:00+0000,25812.25,25840.567819575248,0.10970690108473846,WIN,1,1,2,25.170998632010942,25996.25,25265.25,25612.879943370484,25703.9875,25795.095056629514,25840.567819575248,25920.5,true
36,2026-01-13 11:00:00+0000,2026-01-13 13:00:00+0000,25900.5,25995.901195019578,0.36833727155682894,WIN,2,2,2,20.486555697823302,26020.5,25434.75,25841.424089355303,25917.95,25994.475910644698,25995.901195019578,26045.5,true
37,2026-01-13 17:00:00+0000,2026-01-15 09:00:00+0000,25877.25,25798.48255796011,-0.30438876634839573,LOSS,38,40,3,28.49280270956816,26045.5,25455,25839.65499220545,25908.2125,25976.770007794552,25798.48255796011,25832.75,true
38,2026-01-16 15:00:00+0000,2026-01-21 14:00:00+0000,25680.5,25287.534901908988,-1.5302081271432066,LOSS,40,119,2,58.4233693477391,26045.5,25420.75,25689.055184351986,25784.05,25879.044815648012,25287.534901908988,25339.25,true
39,2026-01-23 09:00:00+0000,2026-01-23 15:00:00+0000,25558.25,25775.793175986077,0.8511661635130618,WIN,6,6,2,46.71496377716712,26025.75,25025,25565.07416913578,25660.1375,25755.20083086422,25775.793175986077,25827.5,true
40,2026-01-26 00:00:00+0000,2026-01-26 14:00:00+0000,25582,25805.498840080356,0.8736566338845897,WIN,14,14,2,39.962274319590406,25952.75,25025,25513.174430285293,25670.6,25828.025569714704,25805.498840080356,25853.5,true
41,2026-01-29 14:00:00+0000,2026-02-02 14:00:00+0000,25864,25791.617900209894,-0.27985655656551645,LOSS,46,96,2,36.631419939577036,26349,25025,26017.277048108022,26181.3375,26345.39795189198,25791.617900209894,25799.5,true
42,2026-02-03 15:00:00+0000,2026-02-06 11:00:00+0000,25617.5,24873.25,-2.905240558212163,LOSS,66,68,2,62.588235294117645,26349,25180.25,25704.592255320105,25917,26129.407744679895,24897.65484833772,24873.25,false
43,2026-02-09 14:00:00+0000,2026-02-09 15:00:00+0000,25113.25,25310.778770682744,0.7865520021611783,WIN,1,1,2,51.146532438478744,26027.75,24239.75,25014.509445592405,25150.15,25285.7905544076,25310.778770682744,25329,true
44,2026-02-10 14:00:00+0000,2026-02-10 15:00:00+0000,25392.25,25399.63018236074,0.029064704233539018,WIN,1,1,2,35.54250559284116,26027.75,24239.75,25298.555807913577,25348.7,25398.844192086424,25399.63018236074,25447.25,true
45,2026-02-10 16:00:00+0000,2026-02-10 17:00:00+0000,25327,25396.418945036778,0.2740906741294902,WIN,1,1,2,39.19183445190156,26027.75,24239.75,25299.4382227948,25345.375,25391.3117772052,25396.418945036778,25397.75,true
46,2026-02-10 18:00:00+0000,2026-02-11 13:00:00+0000,25312.5,25401.85399510842,0.3530034374653601,WIN,18,19,3,40.00279642058165,26027.75,24239.75,25294.57253709695,25345.2,25395.827462903053,25401.85399510842,25452,true
47,2026-02-11 16:00:00+0000,2026-02-11 19:00:00+0000,25181,25360.5,0.7128390453119415,WIN,3,3,2,47.35738255033557,26027.75,24239.75,25156.438647413896,25272.1875,25387.936352586104,25392.82837321548,25360.5,false
48,2026-02-12 15:00:00+0000,2026-02-13 14:00:00+0000,25010.25,24849.5,-0.6427364780440037,LOSS,22,23,2,39.54491957630443,25514.25,24239.75,25139.056729417214,25300.1,25461.143270582783,24884.389122479788,24849.5,false
49,2026-02-13 15:00:00+0000,2026-02-13 16:00:00+0000,24810.25,24862.170531484502,0.20927048894914257,WIN,1,1,3,53.44757241942064,25465.25,24239.75,24666.60410536883,24765.025,24863.44589463117,24862.170531484502,24934.5,true
50,2026-02-17 06:00:00+0000,2026-02-17 19:00:00+0000,24627.25,24889.75,1.065892456526818,WIN,13,13,2,68.38025295797634,25465.25,24239.75,24609.497582418535,24793.05,24976.602417581464,24922.006529544382,24889.75,false
51,2026-02-19 10:00:00+0000,2026-02-20 05:00:00+0000,24854.25,24948.5,0.37921079895792964,WIN,18,19,2,60.137795275590555,25465.25,24449.25,24852.8722262504,24976.6625,25100.452773749596,24951.34542196798,24948.5,false
52,2026-02-20 12:00:00+0000,2026-02-20 14:00:00+0000,24829,24957.5,0.5175399734181907,WIN,2,2,2,62.623031496063,25465.25,24449.25,24779.998602182768,24878.0875,24976.176397817235,24979.672840171388,24957.5,false
53,2026-02-23 16:00:00+0000,2026-02-24 12:00:00+0000,24734.75,24902.25,0.6771849321298928,WIN,19,20,2,70.58217413704277,25419.75,24449.25,24723.518796608434,24898.2625,25073.006203391567,24908.419928303443,24902.25,false
54,2026-02-26 15:00:00+0000,2026-03-02 16:00:00+0000,24998.75,25044.25,0.18200910045502727,WIN,47,97,2,59.993952222558214,25494.75,24668,25142.58577407412,25322.5625,25502.53922592588,25054.683083645778,25044.25,false
55,2026-03-03 09:00:00+0000,2026-03-04 10:00:00+0000,24453.75,24864.22153176168,1.6785627225340827,WIN,24,25,2,99.07209136331193,25494.75,24444,24505.856946196796,24851.5125,25197.168053803205,24864.22153176168,24866.25,true
56,2026-03-05 13:00:00+0000,2026-03-05 14:00:00+0000,24993.75,25187.75,0.7761940485121244,WIN,1,1,2,43.84161015095165,25494.75,24352,24994.350066964304,25106.35,25218.349933035694,25221.366264173594,25187.75,false
57,2026-03-05 15:00:00+0000,2026-03-09 16:00:00+0000,25082.5,24717.747574830617,-1.4542108050209612,LOSS,48,97,3,36.07525705534894,25494.75,24352,24994.14378214162,25101.7,25209.256217858383,24717.747574830617,24749.25,true
58,2026-03-11 08:00:00+0000,2026-03-11 14:00:00+0000,24967.5,25140.261943241905,0.691947304463425,WIN,6,6,2,22.6,25250,24000,24917.397982497274,25053.5125,25189.627017502728,25140.261943241905,25180,true
59,2026-03-11 17:00:00+0000,2026-03-13 12:00:00+0000,24951,24705.49604818795,-0.9839443381509771,LOSS,41,43,3,23.919999999999998,25250,24000,24893.00765329561,25017.95,25142.89234670439,24705.49604818795,24738,true
60,2026-03-13 16:00:00+0000,2026-03-16 10:00:00+0000,24397.25,24606.27011404136,0.8567363700472841,WIN,17,66,2,67.37166324435319,25217.5,24000,24390.909110653407,24564.225,24737.54088934659,24606.27011404136,24614,true
61,2026-03-18 13:00:00+0000,2026-03-19 19:00:00+0000,24971.75,24691.5,-1.1222681630242204,LOSS,29,30,2,26.64678774735701,25217.5,24295.25,24917.234541898975,25081.8,25246.365458101023,24708.418109140115,24691.5,false
62,2026-03-20 10:00:00+0000,2026-03-23 11:00:00+0000,24406.75,24343.34674283738,-0.25977754990983426,LOSS,24,73,2,87.81753619229718,25210.5,24295.25,24406.0301787282,24548.5125,24690.9948212718,24343.34674283738,24763,true
63,2026-03-24 14:00:00+0000,2026-03-24 20:00:00+0000,24242.5,24458.542032598103,0.8911705995590546,WIN,6,6,2,67.31571627260084,25210.5,23772.5,24173.915143089213,24352.475,24531.034856910785,24458.542032598103,24550,true
64,2026-03-25 16:00:00+0000,2026-03-25 17:00:00+0000,24422,24493.75,0.2937924821881932,WIN,1,1,2,54.83310152990264,25210.5,23772.5,24337.070105454124,24416.1625,24495.254894545873,24496.393423536298,24493.75,false
65,2026-03-25 18:00:00+0000,2026-03-30 12:00:00+0100,24354.5,23552.362674797496,-3.2935897891662846,LOSS,62,113,2,59.527121001390825,25210.5,23772.5,24330.289828573957,24413.7625,24497.235171426044,23552.362674797496,23574,true
66,2026-03-30 20:00:00+0100,2026-03-31 13:00:00+0100,23135.5,23439.25,1.3129173780553671,WIN,16,17,2,93.61518550474547,24763,23024.5,23101.688634147893,23319.3625,23537.036365852106,23453.91206250739,23439.25,false
67,2026-04-02 03:00:00+0100,2026-04-06 05:00:00+0100,23884.75,24265,1.592020012769657,WIN,31,98,2,41.87913125590179,24550,22961.5,23932.260629413213,24150.4,24368.53937058679,24277.144761549873,24265,false
68,2026-04-07 14:00:00+0100,2026-04-07 20:00:00+0100,24120.25,24381,1.0810418631647778,WIN,6,6,3,22.27066912627872,24452.25,22961.5,24125.828895925235,24265.075,24404.321104074766,24399.181545450745,24381,false
69,2026-04-13 00:00:00+0100,2026-04-13 14:00:00+0100,24984,25310,1.3048350944604437,WIN,14,14,2,23.68268674001158,25393,23666,25051.156832714565,25242.375,25433.593167285435,25327.931080514132,25310,false
70,2026-04-23 19:00:00+0100,2026-04-24 01:00:00+0100,26860.5,27135.75,1.0247389289104847,WIN,5,6,2,24.161211129296237,27155.75,25933.75,26854.79898898261,26992.8875,27130.976011017392,27141.158431911066,27135.75,false
71,2026-04-28 07:00:00+0100,2026-04-29 07:00:00+0100,27337.75,27317.25,-0.07498788305547732,LOSS,23,24,2,20.666161998485997,27542.5,26551.75,27333.55311137835,27419.225,27504.896888621646,27351.687195844464,27317.25,false
72,2026-04-29 15:00:00+0100,2026-04-29 16:00:00+0100,27302.25,27309.5,0.026554587991833856,WIN,1,1,2,24.249306081251575,27542.5,26551.75,27175.354935661795,27246.075,27316.795064338206,27315.081727546778,27309.5,false
73,2026-04-29 17:00:00+0100,2026-04-29 19:00:00+0100,27199.25,27301,0.37409119736757646,WIN,2,2,3,34.64547060307848,27542.5,26551.75,27189.283849656076,27249.875,27310.466150343924,27312.00393067879,27301,false
74,2026-04-29 21:00:00+0100,2026-04-29 23:00:00+0100,27148.75,27390.828771775843,0.8916755717145008,WIN,1,2,2,39.74261922785768,27542.5,26551.75,27173.332475682128,27255.0625,27336.792524317872,27390.828771775843,27500,true
75,2026-05-04 17:00:00+0100,2026-05-05 07:00:00+0100,27706.25,27887,0.6523798781863377,WIN,13,14,2,27.137254901960784,27965.75,27009.5,27736.96566803364,27854.175,27971.384331966357,27909.09067217528,27887,false
76,2026-05-12 15:00:00+0100,2026-05-13 09:00:00+0100,29014.25,29447,1.4915084829006497,WIN,17,18,3,24.946438136047135,29480,27613,29060.677573294528,29281.3625,29502.04742670547,29484.461552083543,29447,false
77,2026-05-15 05:00:00+0100,2026-05-18 13:00:00+0100,29462.5,29419.75,-0.145099703012308,LOSS,31,80,2,25.162433549911402,29782,28512.25,29441.15052213944,29620.7,29800.24947786056,29438.845003787952,29419.75,false
78,2026-05-18 16:00:00+0100,2026-05-20 07:00:00+0100,28997.25,29039.75,0.14656562260213502,WIN,37,39,2,75.45673076923077,29782,28742,28929.97748237304,29136.3375,29342.697517626963,29058.96074383424,29039.75,false
79,2026-05-21 12:00:00+0100,2026-05-21 18:00:00+0100,29253.25,29460.210284578046,0.7074779198142034,WIN,6,6,2,47.252010723860586,29782,28663,29180.786907359572,29312.6125,29444.438092640426,29460.210284578046,29554,true
80,2026-05-27 15:00:00+0100,2026-05-28 14:00:00+0100,29940.75,30112,0.571962960179695,WIN,22,23,2,25.539044289044288,30379,28663,29955.01983058869,30118.2875,30281.555169411306,30145.832006730463,30112,false
81,2026-06-02 02:00:00+0100,2026-06-02 15:00:00+0100,30333.5,30647.25,1.034334976181439,WIN,13,13,2,22.956577266922096,30693,29127,30318.1825909966,30494.8375,30671.492409003404,30671.710491773676,30647.25,false
82,2026-06-03 21:00:00+0100,2026-06-04 18:00:00+0100,30495,30563.25,0.22380718150516454,WIN,20,21,3,29.935391241923902,30807.75,29763,30539.861079392176,30672.2875,30804.71392060782,30599.2034458592,30563.25,false
83,2026-06-05 02:00:00+0100,2026-06-08 13:00:00+0100,30195.5,29510.5,-2.2685499494957906,LOSS,34,83,2,58.60253649198373,30807.75,29763,30133.624048027992,30374.9,30616.17595197201,29515.456026175292,29510.5,false
84,2026-06-09 16:00:00+0100,2026-06-10 14:00:00+0100,28695.25,29163.25,1.6309319486674578,WIN,21,22,2,99.3533215755438,30807.75,28681.5,29055.13785155507,29506.925,29958.712148444927,29199.573386000993,29163.25,false
85,2026-06-10 17:00:00+0100,2026-06-11 14:00:00+0100,28717.5,29016.75,1.0420475319926847,WIN,20,21,2,81.01744186046511,30807.75,28227.75,28675.037471000607,28922.8875,29170.737528999394,29053.08758074355,29016.75,false
86,2026-06-16 20:00:00+0100,2026-06-17 14:00:00+0100,30309.75,30542.25,0.7670799000321749,WIN,17,18,3,24.22891456646347,30975.5,28227.75,30360.772288387794,30728.175,31095.577711612204,30583.40936585552,30542.25,false
87,2026-06-17 19:00:00+0100,2026-06-18 14:00:00+0100,30274.75,30605.884419212023,1.0937643389690166,WIN,18,19,2,25.502684014193434,30975.5,28227.75,30298.685447216012,30440.2625,30581.83955278399,30605.884419212023,30619.75,true
88,2026-06-23 02:00:00+0100,2026-06-24 13:00:00+0100,30459.75,29872.75,-1.9271333481069242,LOSS,34,35,2,29.538946162657503,30975.5,29229.5,30455.3841485994,30663.7875,30872.190851400595,29908.205922568304,29872.75,false
89,2026-06-24 15:00:00+0100,2026-06-24 16:00:00+0100,29891,29907.5,0.05520056204209034,WIN,1,1,2,74.76732161323682,30975.5,29525,29618.323415271618,29766.7625,29915.201584728384,29907.81327689943,29907.5,false
90,2026-06-24 17:00:00+0100,2026-06-24 21:00:00+0100,29606.5,30072.654207477848,1.5744995439442189,WIN,4,4,2,94.3812478455705,30975.5,29525,29626.93916131953,29770.8375,29914.735838680474,30072.654207477848,30157.75,true
91,2026-06-25 15:00:00+0100,2026-06-26 18:00:00+0100,29633.25,29700,0.22525372681025946,WIN,26,27,2,78.45973988016952,30975.5,29264.75,29426.02033112202,29960.4625,30494.90466887798,29733.301554007216,29700,false
92,2026-07-01 13:00:00+0100,2026-07-02 13:00:00+0100,30268.75,30263.813208752585,-0.016309861647456625,LOSS,23,24,3,23.870856946591104,30616.25,29160.5,30302.961034063326,30449.4125,30595.86396593667,30263.813208752585,30320,true
93,2026-07-02 16:00:00+0100,2026-07-06 14:00:00+0100,29676,30009,1.1221188839466212,WIN,27,94,2,64.18273406287997,30599.75,29160.5,29774.417562323706,30047.3875,30320.357437676295,30036.774707291897,30009,false
94,2026-07-07 03:00:00+0100,2026-07-09 01:00:00+0100,29748,29583,-0.5546591367486919,LOSS,44,46,2,59.18012853916971,30599.75,29160.5,29743.393784687934,29901.6125,30059.831215312064,29625.599969140956,29583,false
95,2026-07-10 09:00:00+0100,2026-07-10 14:00:00+0100,29773.25,29968.5,0.6557900128471017,WIN,5,5,2,44.92984693877551,30477.75,28909.75,29745.736116036962,29879.8625,30013.988883963037,30003.301400636996,29968.5,false
96,2026-07-10 15:00:00+0100,2026-07-10 16:00:00+0100,29818.25,29991.079084555156,0.5796084094645382,WIN,1,1,3,40.44575549000328,30435.25,28909.75,29752.710116722155,29871.475,29990.23988327784,29991.079084555156,29991.5,true
97,2026-07-13 03:00:00+0100,2026-07-14 12:00:00+0100,29717,29666.40274329414,-0.1702636763665888,LOSS,32,33,2,42.75837617443716,30320,28909.75,29673.594174180886,29881.025,30088.455825819117,29666.40274329414,29670.5,true
98,2026-07-15 15:00:00+0100,2026-07-20 01:00:00+0100,29630.75,28963.5,-2.25188360065135,LOSS,55,106,2,38.27054794520548,30077.75,28909.75,29700.777516416794,29906.55,30112.322483583204,28964.288584321595,28963.5,false
99,2026-07-20 21:00:00+0100,2026-07-21 04:00:00+0100,28777,29078,1.0459742155193297,WIN,6,7,2,77.91254866726564,30077.75,28408.25,28736.39258953982,28910.3375,29084.282410460182,29116.383281125953,29078,false
100,2026-07-22 07:00:00+0100,2026-07-24 11:00:00+0100,29092.75,28706.25,-1.3285096802467922,LOSS,50,52,2,58.621731902674924,30062.5,28408.25,29101.520490223018,29240.1625,29378.80450977698,28746.072339324117,28706.25,false
101,2026-07-24 15:00:00+0100,2026-07-29 00:00:00+0100,28449.25,28104.5,-1.2118069896394412,LOSS,54,105,2,87.3743922204214,29797,28254.5,28396.062129103884,28594.0625,28792.062870896116,28146.415013856178,28104.5,false
102,2026-07-29 05:00:00+0100,2026-07-30 14:00:00+0100,27756,28016.309439203353,0.9378492549479533,WIN,32,33,2,91.34137686302341,29364.75,27603.5,27667.9238388568,27910.95,28153.9761611432,28016.309439203353,28162.25,true
103,2026-07-31 16:00:00+0100,2026-08-02 23:00:00+0100,28274,28641.25,1.2988965126971674,WIN,6,55,2,45.88116563643245,29183.25,27201.5,28242.41712005851,28456.85,28671.282879941486,28657.463110721317,28641.25,false
104,2026-08-06 02:00:00+0100,2026-08-06 15:00:00+0100,29498,29667,0.5729201979795207,WIN,13,13,3,20.052219321148826,30074,27201.5,29467.55421163269,29781.0625,30094.57078836731,29695.64522403318,29667,false
105,2026-08-11 16:00:00+0100,2026-08-12 09:00:00+0100,29663.25,29799.5,0.4593225624299535,WIN,16,17,3,23.331439931837547,30074,28313.5,29683.645869190255,29776.85,29870.05413080974,29817.45907550241,29799.5,false
106,2026-08-13 10:00:00+0100,2026-08-13 11:00:00+0100,29876.5,29886.5,0.033471122788819585,WIN,1,1,2,23.716601621134796,30074,29241.25,29798.921683733806,29863.6375,29928.353316266195,29924.441845541285,29886.5,false
107,2026-08-14 16:00:00+0100,2026-08-17 07:00:00+0100,30065.75,30327,0.8689289307600934,WIN,14,63,3,20.85433165346772,30283,29241.25,30091.927841969642,30189.4875,30287.047158030357,30341.291799909104,30327,false
108,2026-08-17 18:00:00+0100,2026-08-19 10:00:00+0100,30102.25,29630,-1.5688196065078208,LOSS,38,40,2,29.252733900364518,30343,29520,30134.778614057406,30240.7,30346.621385942595,29658.638640251516,29630,false
109,2026-08-19 12:00:00+0100,2026-08-19 13:00:00+0100,29536,29678.117057440846,0.48116555200719,WIN,1,1,2,88.43835616438356,30343,29430.5,29467.997299640534,29556.9625,29645.92770035947,29678.117057440846,29757.25,true
110,2026-08-19 14:00:00+0100,2026-08-19 17:00:00+0100,29496.5,29667.25,0.5788822402657878,WIN,3,3,2,90.38974906567005,30343,29406.5,29442.67824267515,29554.5875,29666.496757324854,29674.816280935032,29667.25,false
111,2026-08-20 10:00:00+0100,2026-08-21 08:00:00+0100,29528.25,29432.325429291865,-0.3248569444790461,LOSS,21,22,2,84.23365210648747,30343,29375.75,29476.82003757381,29588.6,29700.37996242619,29432.325429291865,29458.75,true
112,2026-08-21 15:00:00+0100,2026-08-21 16:00:00+0100,29331.75,29488.75,0.535256164395248,WIN,1,1,2,88.68669151501864,30343,29202.75,29224.783215807303,29376.05,29527.316784192695,29527.010503088695,29488.75,false
113,2026-08-24 01:00:00+0100,2026-08-25 05:00:00+0100,29427.25,29217.25,-0.7136242768182588,LOSS,27,28,2,80.31133523350142,30343,29202.75,29306.240577151635,29416.35,29526.459422848362,29257.06164919254,29217.25,false
114,2026-08-26 02:00:00+0100,2026-08-26 12:00:00+0100,29133.5,29278.75,0.49856694183672,WIN,10,10,2,86.07122878985642,30287.5,28946.75,29130.292249763446,29267.55,29404.807750236552,29319.725043252587,29278.75,false
115,2026-08-26 13:00:00+0100,2026-08-26 14:00:00+0100,29150.75,29331.550928121902,0.6202273633505229,WIN,1,1,3,82.4629271437782,30110,28946.75,29134.839301636955,29227.4625,29320.085698363047,29331.550928121902,29332.75,true
116,2026-08-26 15:00:00+0100,2026-08-26 16:00:00+0100,29252.25,29291.5,0.13417771282551172,WIN,1,1,3,68.84242733299337,29927.25,28946.75,29129.838646147065,29231.5375,29333.23635385293,29330.900111111052,29291.5,false
117,2026-08-26 17:00:00+0100,2026-08-26 18:00:00+0100,29216.75,29293.75,0.2635474513763558,WIN,1,1,2,72.21507589400566,29918.5,28946.75,29127.342813935455,29226.975,29326.607186064542,29326.05914666879,29293.75,false
118,2026-08-28 16:00:00+0100,2026-08-31 20:00:00+0100,29552.5,29535.41535038713,-0.057811182177036624,LOSS,27,76,3,29.950852847643826,29811.5,28946.75,29544.0824520872,29640.025,29735.967547912802,29535.41535038713,29538.25,true
119,2026-09-01 10:00:00+0100,2026-09-02 13:00:00+0100,29212.5,29149.5,-0.2156611039794587,LOSS,26,27,2,69.26857473258167,29811.5,28946.75,29276.04290496326,29448.35,29620.65709503674,29190.52556331538,29149.5,false
120,2026-09-02 14:00:00+0100,2026-09-02 15:00:00+0100,29062.25,29168.048056114723,0.3640394536373659,WIN,1,1,2,84.7328244274809,29811.5,28927.25,28974.68399520403,29073.1,29171.516004795965,29168.048056114723,29213,true
121,2026-09-03 11:00:00+0100,2026-09-03 13:00:00+0100,29128,29248.51169860487,0.4137314563473993,WIN,2,2,2,77.297144472717,29811.5,28927.25,29108.58080601414,29172.5875,29236.594193985864,29248.51169860487,29258.75,true
122,2026-09-04 15:00:00+0100,2026-09-08 05:00:00+0100,29521,29732.98107025958,0.7180687316133527,WIN,7,86,2,32.852700028272544,29811.5,28927.25,29459.609736846294,29585.7125,29711.81526315371,29732.98107025958,29764.75,true
123,2026-09-08 10:00:00+0100,2026-09-08 14:00:00+0100,29599.75,29686.5,0.293076799635128,WIN,4,4,2,23.946847610969748,29811.5,28927.25,29457.48040952394,29596.8875,29736.29459047606,29713.094395781573,29686.5,false
124,2026-09-08 15:00:00+0100,2026-09-08 18:00:00+0100,29563,29641.5,0.26553462097893554,WIN,3,3,2,28.102912072377723,29811.5,28927.25,29450.961099058815,29574.7625,29698.563900941186,29685.254643732947,29641.5,false
125,2026-09-08 21:00:00+0100,2026-09-09 02:00:00+0100,29525.75,29608.5,0.28026383749777395,WIN,4,5,2,32.31552162849873,29811.5,28927.25,29475.21667180031,29578.3625,29681.50832819969,29647.533258571493,29608.5,false
126,2026-09-09 10:00:00+0100,2026-09-10 06:00:00+0100,29400.5,29508.25,0.36649036581011263,WIN,19,20,2,46.480067854113656,29811.5,28927.25,29461.97848542593,29561.05,29660.121514574068,29531.026531491567,29508.25,false
127,2026-09-10 10:00:00+0100,2026-09-11 08:00:00+0100,29406.5,29268.75,-0.46843384965908896,LOSS,21,22,2,42.776119402985074,29764.75,28927.25,29377.849966931226,29453.45,29529.050033068776,29298.24039841165,29268.75,false
128,2026-09-14 00:00:00+0100,2026-09-14 16:00:00+0100,29017.5,29380.284157782156,1.2502254080543063,WIN,16,16,2,89.22388059701493,29764.75,28927.25,29028.822750233765,29307.0125,29585.202249766236,29380.284157782156,29505.25,true
129,2026-09-15 16:00:00+0100,2026-09-16 08:00:00+0100,29277.75,29398,0.4107214522973912,WIN,15,16,2,51.344227727991566,29764.75,28816.25,29249.039383781565,29393.3625,29537.685616218434,29432.13626214446,29398,false
130,2026-09-16 20:00:00+0100,2026-09-17 08:00:00+0100,29254.25,29567.5,1.0707845868549004,WIN,11,12,2,49.66963516230968,29686.5,28816.25,29197.034669731416,29368.2875,29539.54033026858,29581.007882951293,29567.5,false
131,2026-09-24 07:00:00+0100,2026-09-24 18:00:00+0100,30541.75,30827.5,0.935604541324575,WIN,11,11,2,27.084608791477898,31094.75,29053,30547.661382300786,30771.825,30995.988617699215,30856.046233664627,30827.5,false
132,2026-09-28 02:00:00+0100,2026-09-29 11:00:00+0100,30743,30643.25,-0.32446410565006856,LOSS,32,33,3,24.171104621199106,31094.75,29639.5,30768.849267632846,30874.1375,30979.425732367155,30684.467962971827,30643.25,false
133,2026-09-30 07:00:00+0100,2026-09-30 08:00:00+0100,30588.25,30693.25,0.34326906573602933,WIN,1,1,2,68.63143631436314,31094.75,30356.75,30538.678936434928,30628.225,30717.77106356507,30724.23279317395,30693.25,false
134,2026-09-30 12:00:00+0100,2026-09-30 13:00:00+0100,30590.25,30726.74425727677,0.44620183645693867,WIN,1,1,2,68.36043360433605,31094.75,30356.75,30530.82295145935,30622.2,30713.57704854065,30726.74425727677,30779.5,true
135,2026-10-01 15:00:00+0100,2026-10-02 08:00:00+0100,30636,30990,1.155503329416363,WIN,16,17,2,64.86316451714376,31151.5,30356.75,30628.302951048066,30844.75,31061.197048951934,31009.51763959935,30990,false
136,2026-10-05 10:00:00+0100,2026-10-05 14:00:00+0100,30990.75,31194.44924208201,0.6572904562877957,WIN,4,4,2,31.51498784769106,31282.5,30356.75,30975.650592939906,31092.125,31208.599407060094,31194.44924208201,31229.5,true
