i,entry_time,entry_price
176,2025-10-16 19:00:00+01:00,24798.5
177,2025-10-16 20:00:00+01:00,24831.25
178,2025-10-16 21:00:00+01:00,24794.25
179,2025-10-16 23:00:00+01:00,24741.5
180,2025-10-17 00:00:00+01:00,24758.25
187,2025-10-17 07:00:00+01:00,24580.75
188,2025-10-17 08:00:00+01:00,24475.75
189,2025-10-17 09:00:00+01:00,24492.0
265,2025-10-22 16:00:00+01:00,25100.25
266,2025-10-22 17:00:00+01:00,24992.75
267,2025-10-22 18:00:00+01:00,24874.0
268,2025-10-22 19:00:00+01:00,24957.5
269,2025-10-22 20:00:00+01:00,25040.5
285,2025-10-23 13:00:00+01:00,25008.25
286,2025-10-23 14:00:00+01:00,25160.5
403,2025-10-30 15:00:00+00:00,25991.0
404,2025-10-30 16:00:00+00:00,26073.25
405,2025-10-30 17:00:00+00:00,26067.5
406,2025-10-30 18:00:00+00:00,25989.0
407,2025-10-30 19:00:00+00:00,25872.0
408,2025-10-30 20:00:00+00:00,25882.75
428,2025-10-31 17:00:00+00:00,25947.75
429,2025-10-31 18:00:00+00:00,26014.0
430,2025-10-31 19:00:00+00:00,25994.0
431,2025-10-31 20:00:00+00:00,26004.0
457,2025-11-04 01:00:00+00:00,26008.5
458,2025-11-04 02:00:00+00:00,25941.75
459,2025-11-04 03:00:00+00:00,25928.25
460,2025-11-04 04:00:00+00:00,25925.0
461,2025-11-04 05:00:00+00:00,25821.5
462,2025-11-04 06:00:00+00:00,25776.0
463,2025-11-04 07:00:00+00:00,25792.25
464,2025-11-04 08:00:00+00:00,25765.0
465,2025-11-04 09:00:00+00:00,25674.75
466,2025-11-04 10:00:00+00:00,25758.25
475,2025-11-04 19:00:00+00:00,25605.25
476,2025-11-04 20:00:00+00:00,25579.5
477,2025-11-04 21:00:00+00:00,25577.0
478,2025-11-04 23:00:00+00:00,25504.25
479,2025-11-05 00:00:00+00:00,25410.25
480,2025-11-05 01:00:00+00:00,25337.75
481,2025-11-05 02:00:00+00:00,25415.25
518,2025-11-06 16:00:00+00:00,25220.5
519,2025-11-06 17:00:00+00:00,25337.25
520,2025-11-06 18:00:00+00:00,25330.25
522,2025-11-06 20:00:00+00:00,25259.0
537,2025-11-07 11:00:00+00:00,25180.25
538,2025-11-07 12:00:00+00:00,25092.75
539,2025-11-07 13:00:00+00:00,25111.5
540,2025-11-07 14:00:00+00:00,25028.0
541,2025-11-07 15:00:00+00:00,24823.5
542,2025-11-07 16:00:00+00:00,24746.75
543,2025-11-07 17:00:00+00:00,24841.25
544,2025-11-07 18:00:00+00:00,24922.5
586,2025-11-11 14:00:00+00:00,25627.0
587,2025-11-11 15:00:00+00:00,25513.0
588,2025-11-11 16:00:00+00:00,25510.25
589,2025-11-11 17:00:00+00:00,25618.0
611,2025-11-12 16:00:00+00:00,25532.0
612,2025-11-12 17:00:00+00:00,25608.75
614,2025-11-12 19:00:00+00:00,25580.25
615,2025-11-12 20:00:00+00:00,25625.25
617,2025-11-12 23:00:00+00:00,25542.0
629,2025-11-13 11:00:00+00:00,25590.75
630,2025-11-13 12:00:00+00:00,25585.5
631,2025-11-13 13:00:00+00:00,25497.25
632,2025-11-13 14:00:00+00:00,25381.25
633,2025-11-13 15:00:00+00:00,25258.5
634,2025-11-13 16:00:00+00:00,25192.5
635,2025-11-13 17:00:00+00:00,25136.0
636,2025-11-13 18:00:00+00:00,25070.5
637,2025-11-13 19:00:00+00:00,25054.5
638,2025-11-13 20:00:00+00:00,25100.25
652,2025-11-14 11:00:00+00:00,24828.5
653,2025-11-14 12:00:00+00:00,24724.25
654,2025-11-14 13:00:00+00:00,24716.75
655,2025-11-14 14:00:00+00:00,24953.0
678,2025-11-17 14:00:00+00:00,25198.5
679,2025-11-17 15:00:00+00:00,25080.5
680,2025-11-17 16:00:00+00:00,25196.75
681,2025-11-17 17:00:00+00:00,25001.0
682,2025-11-17 18:00:00+00:00,24895.25
683,2025-11-17 19:00:00+00:00,24756.25
684,2025-11-17 20:00:00+00:00,24887.5
702,2025-11-18 15:00:00+00:00,24458.5
703,2025-11-18 16:00:00+00:00,24653.25
704,2025-11-18 17:00:00+00:00,24752.75
710,2025-11-19 00:00:00+00:00,24557.0
751,2025-11-20 18:00:00+00:00,24278.5
752,2025-11-20 19:00:00+00:00,24396.5
753,2025-11-20 20:00:00+00:00,24137.25
754,2025-11-20 21:00:00+00:00,24073.75
755,2025-11-20 23:00:00+00:00,24136.75
815,2025-11-25 13:00:00+00:00,24883.5
817,2025-11-25 15:00:00+00:00,24818.0
818,2025-11-25 16:00:00+00:00,24899.25
990,2025-12-08 16:00:00+00:00,25639.5
991,2025-12-08 17:00:00+00:00,25680.5
992,2025-12-08 18:00:00+00:00,25592.5
993,2025-12-08 19:00:00+00:00,25591.75
994,2025-12-08 20:00:00+00:00,25669.0
1008,2025-12-09 11:00:00+00:00,25672.5
1010,2025-12-09 13:00:00+00:00,25617.0
1011,2025-12-09 14:00:00+00:00,25629.5
1012,2025-12-09 15:00:00+00:00,25684.5
1022,2025-12-10 02:00:00+00:00,25674.25
1032,2025-12-10 12:00:00+00:00,25648.25
1033,2025-12-10 13:00:00+00:00,25672.5
1035,2025-12-10 15:00:00+00:00,25566.75
1036,2025-12-10 16:00:00+00:00,25650.5
1037,2025-12-10 17:00:00+00:00,25665.25
1038,2025-12-10 18:00:00+00:00,25616.75
1047,2025-12-11 04:00:00+00:00,25509.5
1048,2025-12-11 05:00:00+00:00,25514.0
1049,2025-12-11 06:00:00+00:00,25510.0
1050,2025-12-11 07:00:00+00:00,25539.75
1058,2025-12-11 15:00:00+00:00,25531.0
1079,2025-12-12 13:00:00+00:00,25625.75
1080,2025-12-12 14:00:00+00:00,25558.25
1081,2025-12-12 15:00:00+00:00,25240.5
1082,2025-12-12 16:00:00+00:00,25174.5
1083,2025-12-12 17:00:00+00:00,25276.5
1084,2025-12-12 18:00:00+00:00,25278.25
1085,2025-12-12 19:00:00+00:00,25234.0
1086,2025-12-12 20:00:00+00:00,25209.75
1106,2025-12-15 17:00:00+00:00,25131.25
1107,2025-12-15 18:00:00+00:00,25152.5
1108,2025-12-15 19:00:00+00:00,25150.0
1109,2025-12-15 20:00:00+00:00,25084.0
1110,2025-12-15 21:00:00+00:00,25101.5
1111,2025-12-15 23:00:00+00:00,25058.25
1112,2025-12-16 00:00:00+00:00,25003.0
1113,2025-12-16 01:00:00+00:00,24903.5
1114,2025-12-16 02:00:00+00:00,24903.0
1115,2025-12-16 03:00:00+00:00,24912.5
1151,2025-12-17 16:00:00+00:00,25034.5
1152,2025-12-17 17:00:00+00:00,25022.5
1153,2025-12-17 18:00:00+00:00,24957.75
1154,2025-12-17 19:00:00+00:00,24975.5
1155,2025-12-17 20:00:00+00:00,24892.0
1302,2025-12-29 15:00:00+00:00,25702.75
1303,2025-12-29 16:00:00+00:00,25695.5
1304,2025-12-29 17:00:00+00:00,25700.0
1305,2025-12-29 18:00:00+00:00,25694.5
1312,2025-12-30 02:00:00+00:00,25710.25
1313,2025-12-30 03:00:00+00:00,25734.5
1318,2025-12-30 08:00:00+00:00,25738.75
1321,2025-12-30 11:00:00+00:00,25732.5
1323,2025-12-30 13:00:00+00:00,25713.75
1325,2025-12-30 15:00:00+00:00,25744.0
1327,2025-12-30 17:00:00+00:00,25728.75
1329,2025-12-30 19:00:00+00:00,25712.0
1331,2025-12-30 21:00:00+00:00,25676.0
1332,2025-12-30 23:00:00+00:00,25657.0
1333,2025-12-31 00:00:00+00:00,25614.25
1334,2025-12-31 01:00:00+00:00,25618.0
1335,2025-12-31 02:00:00+00:00,25626.25
1336,2025-12-31 03:00:00+00:00,25615.75
1337,2025-12-31 04:00:00+00:00,25619.0
1338,2025-12-31 05:00:00+00:00,25599.0
1339,2025-12-31 06:00:00+00:00,25596.0
1340,2025-12-31 07:00:00+00:00,25598.25
1341,2025-12-31 08:00:00+00:00,25559.0
1342,2025-12-31 09:00:00+00:00,25569.5
1343,2025-12-31 10:00:00+00:00,25584.5
1350,2025-12-31 17:00:00+00:00,25581.5
1351,2025-12-31 18:00:00+00:00,25614.25
1352,2025-12-31 19:00:00+00:00,25535.75
1354,2025-12-31 21:00:00+00:00,25434.75
1367,2026-01-02 17:00:00+00:00,25323.75
1368,2026-01-02 18:00:00+00:00,25295.0
1369,2026-01-02 19:00:00+00:00,25399.5
1406,2026-01-06 10:00:00+00:00,25592.0
1431,2026-01-07 12:00:00+00:00,25766.25
1457,2026-01-08 15:00:00+00:00,25684.25
1458,2026-01-08 16:00:00+00:00,25671.25
1459,2026-01-08 17:00:00+00:00,25680.5
1460,2026-01-08 18:00:00+00:00,25631.75
1461,2026-01-08 19:00:00+00:00,25634.25
1462,2026-01-08 20:00:00+00:00,25683.0
1529,2026-01-13 18:00:00+00:00,25839.75
1530,2026-01-13 19:00:00+00:00,25866.25
1531,2026-01-13 20:00:00+00:00,25903.75
1540,2026-01-14 06:00:00+00:00,25859.5
1541,2026-01-14 07:00:00+00:00,25862.75
1542,2026-01-14 08:00:00+00:00,25858.0
1543,2026-01-14 09:00:00+00:00,25852.0
1544,2026-01-14 10:00:00+00:00,25737.5
1545,2026-01-14 11:00:00+00:00,25743.0
1546,2026-01-14 12:00:00+00:00,25779.75
1547,2026-01-14 13:00:00+00:00,25754.75
1548,2026-01-14 14:00:00+00:00,25585.0
1549,2026-01-14 15:00:00+00:00,25492.0
1550,2026-01-14 16:00:00+00:00,25460.25
1551,2026-01-14 17:00:00+00:00,25449.75
1552,2026-01-14 18:00:00+00:00,25515.0
1596,2026-01-16 16:00:00+00:00,25716.5
1597,2026-01-16 17:00:00+00:00,25660.0
1598,2026-01-16 18:00:00+00:00,25716.5
1599,2026-01-16 19:00:00+00:00,25716.25
1600,2026-01-16 20:00:00+00:00,25684.75
1601,2026-01-16 21:00:00+00:00,25689.0
1602,2026-01-19 04:00:00+00:00,25375.5
1603,2026-01-20 05:00:00+00:00,25383.5
1604,2026-01-20 06:00:00+00:00,25310.5
1605,2026-01-20 07:00:00+00:00,25284.25
1606,2026-01-20 08:00:00+00:00,25201.0
1607,2026-01-20 09:00:00+00:00,25134.25
1608,2026-01-20 10:00:00+00:00,25176.0
1633,2026-01-21 12:00:00+00:00,25085.75
1634,2026-01-21 13:00:00+00:00,25085.0
1635,2026-01-21 14:00:00+00:00,25324.75
1677,2026-01-23 10:00:00+00:00,25574.25
1678,2026-01-23 11:00:00+00:00,25606.75
1679,2026-01-23 12:00:00+00:00,25628.75
1680,2026-01-23 13:00:00+00:00,25570.75
1681,2026-01-23 14:00:00+00:00,25663.75
1774,2026-01-29 15:00:00+00:00,25576.75
1775,2026-01-29 16:00:00+00:00,25711.25
1776,2026-01-29 17:00:00+00:00,25760.5
1800,2026-01-30 18:00:00+00:00,25741.0
1801,2026-01-30 19:00:00+00:00,25658.5
1802,2026-01-30 20:00:00+00:00,25672.75
1803,2026-01-30 21:00:00+00:00,25670.0
1804,2026-02-01 23:00:00+00:00,25532.75
1805,2026-02-02 00:00:00+00:00,25605.5
1806,2026-02-02 01:00:00+00:00,25407.25
1807,2026-02-02 02:00:00+00:00,25367.75
1808,2026-02-02 03:00:00+00:00,25278.75
1809,2026-02-02 04:00:00+00:00,25352.5
1810,2026-02-02 05:00:00+00:00,25250.75
1811,2026-02-02 06:00:00+00:00,25232.0
1844,2026-02-03 16:00:00+00:00,25491.25
1845,2026-02-03 17:00:00+00:00,25387.25
1846,2026-02-03 18:00:00+00:00,25245.5
1847,2026-02-03 19:00:00+00:00,25316.25
1848,2026-02-03 20:00:00+00:00,25446.25
1866,2026-02-04 15:00:00+00:00,25151.5
1867,2026-02-04 16:00:00+00:00,25035.5
1868,2026-02-04 17:00:00+00:00,24874.25
1869,2026-02-04 18:00:00+00:00,24925.0
1870,2026-02-04 19:00:00+00:00,25106.25
1872,2026-02-04 21:00:00+00:00,25117.0
1888,2026-02-05 13:00:00+00:00,24767.75
1889,2026-02-05 14:00:00+00:00,24769.25
1890,2026-02-05 15:00:00+00:00,24634.5
1891,2026-02-05 16:00:00+00:00,24829.0
1893,2026-02-05 18:00:00+00:00,24700.25
1895,2026-02-05 20:00:00+00:00,24638.75
1896,2026-02-05 21:00:00+00:00,24425.25
1897,2026-02-05 23:00:00+00:00,24336.0
1898,2026-02-06 00:00:00+00:00,24400.0
1899,2026-02-06 01:00:00+00:00,24531.25
1961,2026-02-10 17:00:00+00:00,25384.0
1963,2026-02-10 19:00:00+00:00,25294.5
1964,2026-02-10 20:00:00+00:00,25219.0
1965,2026-02-10 21:00:00+00:00,25257.25
1966,2026-02-10 23:00:00+00:00,25272.75
1967,2026-02-11 00:00:00+00:00,25290.5
1975,2026-02-11 08:00:00+00:00,25250.25
1976,2026-02-11 09:00:00+00:00,25205.25
1977,2026-02-11 10:00:00+00:00,25207.5
1978,2026-02-11 11:00:00+00:00,25209.0
1979,2026-02-11 12:00:00+00:00,25247.5
1984,2026-02-11 17:00:00+00:00,25263.75
1985,2026-02-11 18:00:00+00:00,25301.25
2006,2026-02-12 16:00:00+00:00,24878.5
2007,2026-02-12 17:00:00+00:00,24825.25
2008,2026-02-12 18:00:00+00:00,24905.5
2009,2026-02-12 19:00:00+00:00,24898.5
2010,2026-02-12 20:00:00+00:00,24762.75
2011,2026-02-12 21:00:00+00:00,24822.0
2025,2026-02-13 12:00:00+00:00,24695.5
2026,2026-02-13 13:00:00+00:00,24781.5
2027,2026-02-13 14:00:00+00:00,24698.25
2043,2026-02-17 07:00:00+00:00,24660.0
2047,2026-02-17 11:00:00+00:00,24623.75
2049,2026-02-17 13:00:00+00:00,24612.0
2050,2026-02-17 14:00:00+00:00,24485.75
2051,2026-02-17 15:00:00+00:00,24600.25
2093,2026-02-19 11:00:00+00:00,24878.5
2094,2026-02-19 12:00:00+00:00,24868.0
2095,2026-02-19 13:00:00+00:00,24853.5
2096,2026-02-19 14:00:00+00:00,24881.5
2097,2026-02-19 15:00:00+00:00,24924.25
2098,2026-02-19 16:00:00+00:00,24843.75
2099,2026-02-19 17:00:00+00:00,24780.0
2100,2026-02-19 18:00:00+00:00,24842.0
2101,2026-02-19 19:00:00+00:00,24782.0
2102,2026-02-19 20:00:00+00:00,24863.5
2118,2026-02-20 13:00:00+00:00,24769.25
2119,2026-02-20 14:00:00+00:00,24897.5
2145,2026-02-23 17:00:00+00:00,24744.75
2146,2026-02-23 18:00:00+00:00,24727.5
2147,2026-02-23 19:00:00+00:00,24692.0
2148,2026-02-23 20:00:00+00:00,24768.0
2213,2026-02-26 16:00:00+00:00,24963.5
2214,2026-02-26 17:00:00+00:00,24934.75
2215,2026-02-26 18:00:00+00:00,25001.5
2232,2026-02-27 12:00:00+00:00,24921.75
2233,2026-02-27 13:00:00+00:00,24870.5
2234,2026-02-27 14:00:00+00:00,24880.0
2235,2026-02-27 15:00:00+00:00,24982.75
2237,2026-02-27 17:00:00+00:00,24945.5
2238,2026-02-27 18:00:00+00:00,24902.75
2239,2026-02-27 19:00:00+00:00,24895.25
2240,2026-02-27 20:00:00+00:00,24998.25
2242,2026-03-01 23:00:00+00:00,24742.0
2243,2026-03-02 00:00:00+00:00,24786.0
2244,2026-03-02 01:00:00+00:00,24861.75
2248,2026-03-02 05:00:00+00:00,24677.25
2249,2026-03-02 06:00:00+00:00,24590.75
2250,2026-03-02 07:00:00+00:00,24540.5
2251,2026-03-02 08:00:00+00:00,24563.5
2252,2026-03-02 09:00:00+00:00,24629.0
2276,2026-03-03 10:00:00+00:00,24452.75
2277,2026-03-03 11:00:00+00:00,24488.5
2326,2026-03-05 14:00:00+00:00,25186.0
2328,2026-03-05 16:00:00+00:00,25042.5
2329,2026-03-05 17:00:00+00:00,24807.0
2330,2026-03-05 18:00:00+00:00,24814.0
2331,2026-03-05 19:00:00+00:00,24858.0
2332,2026-03-05 20:00:00+00:00,25048.5
2347,2026-03-06 12:00:00+00:00,24835.75
2348,2026-03-06 13:00:00+00:00,24645.75
2349,2026-03-06 14:00:00+00:00,24690.0
2350,2026-03-06 15:00:00+00:00,24858.5
2357,2026-03-08 22:00:00+00:00,24306.25
2358,2026-03-08 23:00:00+00:00,24215.25
2359,2026-03-09 00:00:00+00:00,24117.75
2360,2026-03-09 01:00:00+00:00,24007.5
2361,2026-03-09 02:00:00+00:00,24084.0
2414,2026-03-11 09:00:00+00:00,24903.25
2416,2026-03-11 11:00:00+00:00,24947.5
2417,2026-03-11 12:00:00+00:00,24945.25
2423,2026-03-11 18:00:00+00:00,24957.5
2424,2026-03-11 19:00:00+00:00,24984.0
2426,2026-03-11 22:00:00+00:00,24849.5
2427,2026-03-11 23:00:00+00:00,24787.75
2428,2026-03-12 00:00:00+00:00,24791.25
2429,2026-03-12 01:00:00+00:00,24789.5
2430,2026-03-12 02:00:00+00:00,24731.0
2431,2026-03-12 03:00:00+00:00,24726.5
2432,2026-03-12 04:00:00+00:00,24718.5
2442,2026-03-12 14:00:00+00:00,24619.75
2443,2026-03-12 15:00:00+00:00,24665.5
2444,2026-03-12 16:00:00+00:00,24662.25
2445,2026-03-12 17:00:00+00:00,24625.5
2446,2026-03-12 18:00:00+00:00,24599.75
2447,2026-03-12 19:00:00+00:00,24555.75
2448,2026-03-12 20:00:00+00:00,24568.5
2459,2026-03-13 08:00:00+00:00,24512.5
2468,2026-03-13 17:00:00+00:00,24374.25
2469,2026-03-13 18:00:00+00:00,24448.5
2470,2026-03-13 19:00:00+00:00,24397.25
2471,2026-03-13 20:00:00+00:00,24394.25
2472,2026-03-15 22:00:00+00:00,24464.75
2534,2026-03-18 14:00:00+00:00,24882.25
2535,2026-03-18 15:00:00+00:00,24899.25
2536,2026-03-18 16:00:00+00:00,24845.0
2537,2026-03-18 17:00:00+00:00,24880.0
2538,2026-03-18 18:00:00+00:00,24743.75
2539,2026-03-18 19:00:00+00:00,24651.5
2540,2026-03-18 20:00:00+00:00,24606.25
2541,2026-03-18 22:00:00+00:00,24593.5
2556,2026-03-19 13:00:00+00:00,24504.5
2557,2026-03-19 14:00:00+00:00,24489.0
2558,2026-03-19 15:00:00+00:00,24475.0
2559,2026-03-19 16:00:00+00:00,24454.75
2560,2026-03-19 17:00:00+00:00,24453.5
2561,2026-03-19 18:00:00+00:00,24509.75
2577,2026-03-20 11:00:00+00:00,24444.25
2578,2026-03-20 12:00:00+00:00,24496.5
2579,2026-03-20 13:00:00+00:00,24285.0
2580,2026-03-20 14:00:00+00:00,24271.0
2581,2026-03-20 15:00:00+00:00,24310.75
2582,2026-03-20 16:00:00+00:00,24272.25
2583,2026-03-20 17:00:00+00:00,24212.25
2584,2026-03-20 18:00:00+00:00,24094.25
2585,2026-03-20 19:00:00+00:00,24113.0
2587,2026-03-22 22:00:00+00:00,24044.0
2588,2026-03-22 23:00:00+00:00,24007.25
2631,2026-03-24 19:00:00+00:00,24218.75
2654,2026-03-25 19:00:00+00:00,24372.0
2655,2026-03-25 20:00:00+00:00,24367.75
2656,2026-03-25 22:00:00+00:00,24316.25
2657,2026-03-25 23:00:00+00:00,24323.75
2658,2026-03-26 00:00:00+00:00,24354.75
2659,2026-03-26 01:00:00+00:00,24363.75
2660,2026-03-26 02:00:00+00:00,24284.25
2661,2026-03-26 03:00:00+00:00,24378.5
2663,2026-03-26 05:00:00+00:00,24255.5
2664,2026-03-26 06:00:00+00:00,24288.25
2665,2026-03-26 07:00:00+00:00,24259.5
2666,2026-03-26 08:00:00+00:00,24193.75
2667,2026-03-26 09:00:00+00:00,24155.0
2668,2026-03-26 10:00:00+00:00,24176.5
2669,2026-03-26 11:00:00+00:00,24102.0
2670,2026-03-26 12:00:00+00:00,24118.0
2671,2026-03-26 13:00:00+00:00,24215.5
2672,2026-03-26 14:00:00+00:00,24103.0
2673,2026-03-26 15:00:00+00:00,24093.0
2674,2026-03-26 16:00:00+00:00,23998.0
2675,2026-03-26 17:00:00+00:00,23861.25
2676,2026-03-26 18:00:00+00:00,23882.75
2677,2026-03-26 19:00:00+00:00,23787.25
2678,2026-03-26 20:00:00+00:00,23822.0
2691,2026-03-27 10:00:00+00:00,23649.5
2692,2026-03-27 11:00:00+00:00,23664.0
2693,2026-03-27 12:00:00+00:00,23613.0
2694,2026-03-27 13:00:00+00:00,23478.75
2695,2026-03-27 14:00:00+00:00,23511.5
2696,2026-03-27 15:00:00+00:00,23549.5
2697,2026-03-27 16:00:00+00:00,23473.5
2698,2026-03-27 17:00:00+00:00,23360.25
2699,2026-03-27 18:00:00+00:00,23340.0
2700,2026-03-27 19:00:00+00:00,23309.0
2701,2026-03-27 20:00:00+00:00,23254.25
2702,2026-03-29 23:00:00+01:00,23208.25
2703,2026-03-30 00:00:00+01:00,23127.5
2724,2026-03-30 21:00:00+01:00,23106.25
2725,2026-03-30 23:00:00+01:00,23100.25
2726,2026-03-31 00:00:00+01:00,23046.0
2727,2026-03-31 01:00:00+01:00,23202.25
2776,2026-04-02 04:00:00+01:00,23821.5
2777,2026-04-02 05:00:00+01:00,23803.0
2778,2026-04-02 06:00:00+01:00,23756.0
2779,2026-04-02 07:00:00+01:00,23815.5
2839,2026-04-07 15:00:00+01:00,24009.25
2840,2026-04-07 16:00:00+01:00,24108.5
3175,2026-04-28 08:00:00+01:00,27338.0
3177,2026-04-28 10:00:00+01:00,27284.25
3178,2026-04-28 11:00:00+01:00,27262.0
3179,2026-04-28 12:00:00+01:00,27094.0
3180,2026-04-28 13:00:00+01:00,27149.0
3181,2026-04-28 14:00:00+01:00,27202.5
3182,2026-04-28 15:00:00+01:00,27091.75
3183,2026-04-28 16:00:00+01:00,27053.5
3184,2026-04-28 17:00:00+01:00,27084.25
3206,2026-04-29 16:00:00+01:00,27240.25
3208,2026-04-29 18:00:00+01:00,27249.5
3209,2026-04-29 19:00:00+01:00,27295.25
3272,2026-05-04 19:00:00+01:00,27759.75
3274,2026-05-04 21:00:00+01:00,27743.0
3407,2026-05-12 16:00:00+01:00,28839.75
3408,2026-05-12 17:00:00+01:00,28749.0
3409,2026-05-12 18:00:00+01:00,28920.5
3466,2026-05-15 06:00:00+01:00,29282.5
3467,2026-05-15 07:00:00+01:00,29404.5
3468,2026-05-15 08:00:00+01:00,29405.75
3469,2026-05-15 09:00:00+01:00,29264.25
3470,2026-05-15 10:00:00+01:00,29223.25
3471,2026-05-15 11:00:00+01:00,29328.25
3473,2026-05-15 13:00:00+01:00,29190.0
3474,2026-05-15 14:00:00+01:00,29143.25
3483,2026-05-18 00:00:00+01:00,29119.0
3484,2026-05-18 01:00:00+01:00,29033.75
3485,2026-05-18 02:00:00+01:00,29023.25
3486,2026-05-18 03:00:00+01:00,29010.75
3487,2026-05-18 04:00:00+01:00,29058.5
3500,2026-05-18 17:00:00+01:00,29006.0
3502,2026-05-18 19:00:00+01:00,28840.0
3503,2026-05-18 20:00:00+01:00,29098.75
3517,2026-05-19 11:00:00+01:00,28923.75
3518,2026-05-19 12:00:00+01:00,28853.75
3519,2026-05-19 13:00:00+01:00,28912.75
3520,2026-05-19 14:00:00+01:00,28937.75
3521,2026-05-19 15:00:00+01:00,28804.0
3522,2026-05-19 16:00:00+01:00,28815.75
3523,2026-05-19 17:00:00+01:00,29021.75
3565,2026-05-21 13:00:00+01:00,29194.0
3566,2026-05-21 14:00:00+01:00,29288.25
3567,2026-05-21 15:00:00+01:00,29235.75
3568,2026-05-21 16:00:00+01:00,29266.25
3631,2026-05-27 16:00:00+01:00,29936.0
3632,2026-05-27 17:00:00+01:00,29988.0
3633,2026-05-27 18:00:00+01:00,29972.5
3643,2026-05-28 05:00:00+01:00,29788.25
3644,2026-05-28 06:00:00+01:00,29905.0
3710,2026-06-02 03:00:00+01:00,30374.0
3711,2026-06-02 04:00:00+01:00,30359.5
3752,2026-06-03 23:00:00+01:00,30457.75
3753,2026-06-04 00:00:00+01:00,30395.25
3754,2026-06-04 01:00:00+01:00,30498.75
3755,2026-06-04 02:00:00+01:00,30453.5
3756,2026-06-04 03:00:00+01:00,30412.0
3763,2026-06-04 10:00:00+01:00,30336.25
3764,2026-06-04 11:00:00+01:00,30245.25
3765,2026-06-04 12:00:00+01:00,30280.75
3766,2026-06-04 13:00:00+01:00,30309.75
3767,2026-06-04 14:00:00+01:00,30248.0
3768,2026-06-04 15:00:00+01:00,30356.75
3791,2026-06-05 15:00:00+01:00,29853.0
3792,2026-06-05 16:00:00+01:00,29658.5
3793,2026-06-05 17:00:00+01:00,29490.5
3794,2026-06-05 18:00:00+01:00,29471.0
3795,2026-06-05 19:00:00+01:00,29191.0
3796,2026-06-05 20:00:00+01:00,29016.5
3797,2026-06-05 21:00:00+01:00,29026.5
3798,2026-06-07 23:00:00+01:00,28893.0
3839,2026-06-09 17:00:00+01:00,28480.0
3840,2026-06-09 18:00:00+01:00,28832.5
3863,2026-06-10 18:00:00+01:00,28780.0
3864,2026-06-10 19:00:00+01:00,28607.5
3865,2026-06-10 20:00:00+01:00,28527.25
3866,2026-06-10 21:00:00+01:00,28472.0
3867,2026-06-10 23:00:00+01:00,28342.5
3868,2026-06-11 00:00:00+01:00,28364.0
3869,2026-06-11 01:00:00+01:00,28549.5
3958,2026-06-16 21:00:00+01:00,30300.5
3980,2026-06-17 20:00:00+01:00,29994.75
3981,2026-06-17 21:00:00+01:00,30141.75
3982,2026-06-17 23:00:00+01:00,30236.5
4038,2026-06-23 03:00:00+01:00,30405.25
4039,2026-06-23 04:00:00+01:00,30383.0
4040,2026-06-23 05:00:00+01:00,30242.5
4041,2026-06-23 06:00:00+01:00,30108.5
4042,2026-06-23 07:00:00+01:00,29969.75
4043,2026-06-23 08:00:00+01:00,29909.0
4044,2026-06-23 09:00:00+01:00,29827.25
4045,2026-06-23 10:00:00+01:00,29886.25
4046,2026-06-23 11:00:00+01:00,29818.0
4062,2026-06-24 04:00:00+01:00,29744.5
4063,2026-06-24 05:00:00+01:00,29784.5
4076,2026-06-24 18:00:00+01:00,29387.25
4077,2026-06-24 19:00:00+01:00,29345.25
4078,2026-06-24 20:00:00+01:00,29514.0
4097,2026-06-25 16:00:00+01:00,29659.75
4108,2026-06-26 04:00:00+01:00,29356.5
4187,2026-07-01 14:00:00+01:00,30283.75
4188,2026-07-01 15:00:00+01:00,30192.25
4189,2026-07-01 16:00:00+01:00,30254.75
4190,2026-07-01 17:00:00+01:00,30190.25
4191,2026-07-01 18:00:00+01:00,30163.75
4192,2026-07-01 19:00:00+01:00,30132.75
4193,2026-07-01 20:00:00+01:00,30080.25
4194,2026-07-01 21:00:00+01:00,30064.25
4195,2026-07-01 23:00:00+01:00,30107.25
4196,2026-07-02 00:00:00+01:00,30042.75
4197,2026-07-02 01:00:00+01:00,30110.25
4204,2026-07-02 08:00:00+01:00,29891.25
4205,2026-07-02 09:00:00+01:00,30033.0
4206,2026-07-02 10:00:00+01:00,29957.75
4207,2026-07-02 11:00:00+01:00,30005.75
4213,2026-07-02 17:00:00+01:00,29462.25
4214,2026-07-02 18:00:00+01:00,29338.5
4215,2026-07-02 19:00:00+01:00,29489.0
4216,2026-07-02 20:00:00+01:00,29539.5
4252,2026-07-07 04:00:00+01:00,29661.75
4253,2026-07-07 05:00:00+01:00,29625.5
4254,2026-07-07 06:00:00+01:00,29689.75
4255,2026-07-07 07:00:00+01:00,29688.75
4263,2026-07-07 15:00:00+01:00,29302.5
4264,2026-07-07 16:00:00+01:00,29386.75
4265,2026-07-07 17:00:00+01:00,29540.0
4267,2026-07-07 19:00:00+01:00,29391.0
4268,2026-07-07 20:00:00+01:00,29395.5
4270,2026-07-07 23:00:00+01:00,29386.75
4271,2026-07-08 00:00:00+01:00,29300.5
4272,2026-07-08 01:00:00+01:00,29543.5
4279,2026-07-08 08:00:00+01:00,29381.0
4280,2026-07-08 09:00:00+01:00,29009.5
4281,2026-07-08 10:00:00+01:00,28957.75
4282,2026-07-08 11:00:00+01:00,29018.75
4283,2026-07-08 12:00:00+01:00,29089.25
4327,2026-07-10 10:00:00+01:00,29814.75
4329,2026-07-10 12:00:00+01:00,29816.0
4330,2026-07-10 13:00:00+01:00,29800.0
4331,2026-07-10 14:00:00+01:00,29923.0
4333,2026-07-10 16:00:00+01:00,29944.25
4344,2026-07-13 04:00:00+01:00,29695.25
4345,2026-07-13 05:00:00+01:00,29627.0
4346,2026-07-13 06:00:00+01:00,29649.0
4347,2026-07-13 07:00:00+01:00,29632.5
4355,2026-07-13 15:00:00+01:00,29717.75
4357,2026-07-13 17:00:00+01:00,29525.75
4358,2026-07-13 18:00:00+01:00,29479.5
4359,2026-07-13 19:00:00+01:00,29493.5
4360,2026-07-13 20:00:00+01:00,29466.5
4361,2026-07-13 21:00:00+01:00,29428.75
4362,2026-07-13 23:00:00+01:00,29399.5
4363,2026-07-14 00:00:00+01:00,29420.75
4364,2026-07-14 01:00:00+01:00,29521.0
4402,2026-07-15 16:00:00+01:00,29582.0
4403,2026-07-15 17:00:00+01:00,29512.75
4404,2026-07-15 18:00:00+01:00,29686.5
4419,2026-07-16 10:00:00+01:00,29531.25
4420,2026-07-16 11:00:00+01:00,29531.0
4421,2026-07-16 12:00:00+01:00,29446.75
4422,2026-07-16 13:00:00+01:00,29392.25
4423,2026-07-16 14:00:00+01:00,29347.5
4424,2026-07-16 15:00:00+01:00,29433.75
4425,2026-07-16 16:00:00+01:00,29392.0
4426,2026-07-16 17:00:00+01:00,29338.25
4427,2026-07-16 18:00:00+01:00,29244.5
4428,2026-07-16 19:00:00+01:00,29210.5
4429,2026-07-16 20:00:00+01:00,29217.0
4433,2026-07-17 01:00:00+01:00,29057.0
4434,2026-07-17 02:00:00+01:00,28972.0
4435,2026-07-17 03:00:00+01:00,28925.0
4437,2026-07-17 05:00:00+01:00,28804.75
4438,2026-07-17 06:00:00+01:00,28756.25
4439,2026-07-17 07:00:00+01:00,28743.0
4441,2026-07-17 09:00:00+01:00,28630.0
4477,2026-07-20 23:00:00+01:00,28717.75
4478,2026-07-21 00:00:00+01:00,28779.25
4479,2026-07-21 01:00:00+01:00,28856.25
4509,2026-07-22 08:00:00+01:00,29056.0
4510,2026-07-22 09:00:00+01:00,29110.0
4511,2026-07-22 10:00:00+01:00,29127.0
4513,2026-07-22 12:00:00+01:00,29054.0
4514,2026-07-22 13:00:00+01:00,29017.25
4515,2026-07-22 14:00:00+01:00,29276.75
4524,2026-07-23 00:00:00+01:00,29142.25
4533,2026-07-23 09:00:00+01:00,29103.0
4537,2026-07-23 13:00:00+01:00,28787.5
4538,2026-07-23 14:00:00+01:00,28707.75
4539,2026-07-23 15:00:00+01:00,28596.75
4540,2026-07-23 16:00:00+01:00,28588.5
4541,2026-07-23 17:00:00+01:00,28640.75
4542,2026-07-23 18:00:00+01:00,28568.0
4563,2026-07-24 16:00:00+01:00,28576.0
4567,2026-07-24 20:00:00+01:00,28283.25
4568,2026-07-24 21:00:00+01:00,28282.25
4586,2026-07-27 16:00:00+01:00,28062.5
4587,2026-07-27 17:00:00+01:00,28048.5
4588,2026-07-27 18:00:00+01:00,28104.75
4589,2026-07-27 19:00:00+01:00,28188.25
4607,2026-07-28 14:00:00+01:00,27665.25
4608,2026-07-28 15:00:00+01:00,27801.75
4609,2026-07-28 16:00:00+01:00,28048.0
4616,2026-07-29 00:00:00+01:00,28102.5
4631,2026-07-29 15:00:00+01:00,27600.0
4632,2026-07-29 16:00:00+01:00,27517.0
4633,2026-07-29 17:00:00+01:00,27603.25
4637,2026-07-29 21:00:00+01:00,27259.25
4638,2026-07-29 23:00:00+01:00,27451.5
4679,2026-07-31 17:00:00+01:00,28367.5
4767,2026-08-06 13:00:00+01:00,29399.5
4840,2026-08-11 17:00:00+01:00,29626.0
4841,2026-08-11 18:00:00+01:00,29628.75
4842,2026-08-11 19:00:00+01:00,29582.75
4843,2026-08-11 20:00:00+01:00,29635.25
4844,2026-08-11 21:00:00+01:00,29646.75
4909,2026-08-14 17:00:00+01:00,30059.0
4934,2026-08-17 19:00:00+01:00,30122.25
4935,2026-08-17 20:00:00+01:00,30090.5
4936,2026-08-17 21:00:00+01:00,30078.25
4937,2026-08-17 23:00:00+01:00,30079.75
4938,2026-08-18 00:00:00+01:00,30094.5
4940,2026-08-18 02:00:00+01:00,30012.5
4941,2026-08-18 03:00:00+01:00,29908.25
4942,2026-08-18 04:00:00+01:00,29900.0
4943,2026-08-18 05:00:00+01:00,29918.0
4944,2026-08-18 06:00:00+01:00,29842.0
4945,2026-08-18 07:00:00+01:00,29893.0
4946,2026-08-18 08:00:00+01:00,29810.75
4947,2026-08-18 09:00:00+01:00,29765.5
4948,2026-08-18 10:00:00+01:00,29733.0
4949,2026-08-18 11:00:00+01:00,29739.0
4953,2026-08-18 15:00:00+01:00,29547.75
4954,2026-08-18 16:00:00+01:00,29637.0
4967,2026-08-19 06:00:00+01:00,29457.5
4968,2026-08-19 07:00:00+01:00,29559.75
4976,2026-08-19 15:00:00+01:00,29623.25
4995,2026-08-20 11:00:00+01:00,29566.0
4996,2026-08-20 12:00:00+01:00,29362.0
4997,2026-08-20 13:00:00+01:00,29346.0
4998,2026-08-20 14:00:00+01:00,29354.0
4999,2026-08-20 15:00:00+01:00,29392.75
5000,2026-08-20 16:00:00+01:00,29329.75
5001,2026-08-20 17:00:00+01:00,29380.0
5002,2026-08-20 18:00:00+01:00,29292.75
5003,2026-08-20 19:00:00+01:00,29243.75
5032,2026-08-24 02:00:00+01:00,29323.25
5033,2026-08-24 03:00:00+01:00,29370.5
5034,2026-08-24 04:00:00+01:00,29271.0
5035,2026-08-24 05:00:00+01:00,29265.75
5036,2026-08-24 06:00:00+01:00,29200.75
5037,2026-08-24 07:00:00+01:00,29164.5
5038,2026-08-24 08:00:00+01:00,29143.75
5039,2026-08-24 09:00:00+01:00,29215.0
5044,2026-08-24 14:00:00+01:00,29021.75
5045,2026-08-24 15:00:00+01:00,29082.75
5046,2026-08-24 16:00:00+01:00,29168.75
5054,2026-08-25 01:00:00+01:00,29126.5
5079,2026-08-26 03:00:00+01:00,29220.25
5088,2026-08-26 12:00:00+01:00,29219.5
5090,2026-08-26 14:00:00+01:00,29331.25
5139,2026-08-28 17:00:00+01:00,29501.25
5140,2026-08-28 18:00:00+01:00,29514.75
5141,2026-08-28 19:00:00+01:00,29455.5
5142,2026-08-28 20:00:00+01:00,29496.0
5143,2026-08-28 21:00:00+01:00,29491.75
5144,2026-08-30 23:00:00+01:00,29442.5
5145,2026-08-31 00:00:00+01:00,29289.75
5146,2026-08-31 01:00:00+01:00,29357.0
5147,2026-08-31 02:00:00+01:00,29327.0
5148,2026-08-31 03:00:00+01:00,29344.25
5179,2026-09-01 11:00:00+01:00,29210.0
5180,2026-09-01 12:00:00+01:00,29172.5
5181,2026-09-01 13:00:00+01:00,29125.75
5182,2026-09-01 14:00:00+01:00,29105.0
5183,2026-09-01 15:00:00+01:00,29228.0
5197,2026-09-02 06:00:00+01:00,29073.0
5198,2026-09-02 07:00:00+01:00,29077.25
5200,2026-09-02 09:00:00+01:00,28977.75
5201,2026-09-02 10:00:00+01:00,28973.25
5202,2026-09-02 11:00:00+01:00,28988.0
5203,2026-09-02 12:00:00+01:00,29084.5
5226,2026-09-03 12:00:00+01:00,29105.5
5227,2026-09-03 13:00:00+01:00,29244.5
5253,2026-09-04 16:00:00+01:00,29515.0
5255,2026-09-04 18:00:00+01:00,29491.75
5256,2026-09-04 19:00:00+01:00,29538.75
5257,2026-09-04 20:00:00+01:00,29569.25
5258,2026-09-04 21:00:00+01:00,29565.25
5276,2026-09-08 23:00:00+01:00,29544.75
5277,2026-09-09 00:00:00+01:00,29498.5
5278,2026-09-09 01:00:00+01:00,29559.75
5288,2026-09-09 11:00:00+01:00,29391.5
5289,2026-09-09 12:00:00+01:00,29396.75
5290,2026-09-09 13:00:00+01:00,29390.5
5291,2026-09-09 14:00:00+01:00,29558.5
5293,2026-09-09 16:00:00+01:00,29448.0
5294,2026-09-09 17:00:00+01:00,29458.0
5303,2026-09-10 03:00:00+01:00,29418.25
5311,2026-09-10 11:00:00+01:00,29376.0
5312,2026-09-10 12:00:00+01:00,29264.5
5313,2026-09-10 13:00:00+01:00,29056.5
5314,2026-09-10 14:00:00+01:00,29099.75
5315,2026-09-10 15:00:00+01:00,29263.25
5317,2026-09-10 17:00:00+01:00,29232.5
5347,2026-09-14 01:00:00+01:00,29014.5
5348,2026-09-14 02:00:00+01:00,29068.25
5386,2026-09-15 17:00:00+01:00,29279.5
5387,2026-09-15 18:00:00+01:00,29263.75
5388,2026-09-15 19:00:00+01:00,29252.5
5389,2026-09-15 20:00:00+01:00,29251.5
5413,2026-09-16 21:00:00+01:00,29263.75
5414,2026-09-16 23:00:00+01:00,29350.0
5538,2026-09-24 08:00:00+01:00,30559.5
5539,2026-09-24 09:00:00+01:00,30433.25
5540,2026-09-24 10:00:00+01:00,30436.5
5541,2026-09-24 11:00:00+01:00,30488.75
5542,2026-09-24 12:00:00+01:00,30462.75
5543,2026-09-24 13:00:00+01:00,30485.25
5580,2026-09-28 03:00:00+01:00,30679.25
5581,2026-09-28 04:00:00+01:00,30650.0
5582,2026-09-28 05:00:00+01:00,30677.75
5583,2026-09-28 06:00:00+01:00,30650.25
5584,2026-09-28 07:00:00+01:00,30646.25
5585,2026-09-28 08:00:00+01:00,30609.75
5586,2026-09-28 09:00:00+01:00,30580.0
5587,2026-09-28 10:00:00+01:00,30591.75
5588,2026-09-28 11:00:00+01:00,30584.5
5593,2026-09-28 16:00:00+01:00,30522.25
5602,2026-09-29 02:00:00+01:00,30501.0
5603,2026-09-29 03:00:00+01:00,30462.25
5604,2026-09-29 04:00:00+01:00,30437.5
5605,2026-09-29 05:00:00+01:00,30431.25
5606,2026-09-29 06:00:00+01:00,30431.0
5631,2026-09-30 08:00:00+01:00,30691.25
5636,2026-09-30 13:00:00+01:00,30714.25
5662,2026-10-01 16:00:00+01:00,30611.5
5663,2026-10-01 17:00:00+01:00,30595.25
5664,2026-10-01 18:00:00+01:00,30794.75
5703,2026-10-05 11:00:00+01:00,31028.0
5704,2026-10-05 12:00:00+01:00,31023.0
5705,2026-10-05 13:00:00+01:00,30995.75
5750,2026-10-07 11:00:00+01:00,31299.5
5751,2026-10-07 12:00:00+01:00,31267.5
5752,2026-10-07 13:00:00+01:00,31259.25
5753,2026-10-07 14:00:00+01:00,31238.0
5754,2026-10-07 15:00:00+01:00,31253.5
5755,2026-10-07 16:00:00+01:00,31338.5
