trade_no,i,entry_time,entry_price,j,exit_time,exit_price,return_pct
1,175,2025-10-16 18:00:00+01:00,24865.5,195,2025-10-17 15:00:00+01:00,24920.849100066047,0.22259395574610874
2,264,2025-10-22 15:00:00+01:00,25173.0,286,2025-10-23 14:00:00+01:00,25172.565013616186,-0.0017279878592679765
3,402,2025-10-30 14:00:00+00:00,26016.5,442,2025-11-03 09:00:00+00:00,26156.0,0.5361981819230088
4,456,2025-11-04 00:00:00+00:00,26013.75,493,2025-11-05 14:00:00+00:00,25686.91183404202,-1.2564054238930478
5,517,2025-11-06 15:00:00+00:00,25303.0,567,2025-11-10 18:00:00+00:00,25673.201803801625,1.463074749245652
6,585,2025-11-11 13:00:00+00:00,25597.0,595,2025-11-12 00:00:00+00:00,25699.5,0.40043755127554537
7,610,2025-11-12 15:00:00+00:00,25557.0,657,2025-11-14 16:00:00+00:00,25268.25,-1.129827444535747
8,677,2025-11-17 13:00:00+00:00,25078.25,724,2025-11-19 14:00:00+00:00,24817.832135071912,-1.0384212013521132
9,750,2025-11-20 17:00:00+00:00,24395.0,770,2025-11-21 14:00:00+00:00,24298.0,-0.39762246361959575
10,772,2025-11-21 16:00:00+00:00,24372.25,773,2025-11-21 17:00:00+00:00,24342.335309786595,-0.12274078188679871
11,814,2025-11-25 12:00:00+00:00,24910.25,815,2025-11-25 13:00:00+00:00,24960.0,0.1997169839724533
12,816,2025-11-25 14:00:00+00:00,24817.0,819,2025-11-25 17:00:00+00:00,24996.667628082356,0.7239699725283266
13,989,2025-12-08 15:00:00+00:00,25663.0,1013,2025-12-09 16:00:00+00:00,25716.0,0.20652300978061255
14,1021,2025-12-10 01:00:00+00:00,25656.25,1024,2025-12-10 04:00:00+00:00,25710.0,0.20950060901339107
15,1031,2025-12-10 11:00:00+00:00,25665.5,1033,2025-12-10 13:00:00+00:00,25720.0,0.2123473144883148
16,1034,2025-12-10 14:00:00+00:00,25631.25,1039,2025-12-10 19:00:00+00:00,25773.877052500146,0.556457654231246
17,1046,2025-12-11 03:00:00+00:00,25486.5,1062,2025-12-11 19:00:00+00:00,25722.75,0.926961332470122
18,1078,2025-12-12 12:00:00+00:00,25567.25,1100,2025-12-15 11:00:00+00:00,25349.29572969649,-0.8524744362554126
19,1105,2025-12-15 16:00:00+00:00,25162.5,1122,2025-12-16 10:00:00+00:00,25274.5,0.4451068057625518
20,1150,2025-12-17 15:00:00+00:00,25059.5,1169,2025-12-18 11:00:00+00:00,25104.0,0.17757736586923034
21,1300,2025-12-29 13:00:00+00:00,25693.0,1314,2025-12-30 04:00:00+00:00,25752.5,0.23158058615186938
22,1317,2025-12-30 07:00:00+00:00,25703.75,1318,2025-12-30 08:00:00+00:00,25741.25,0.14589310898214247
23,1320,2025-12-30 10:00:00+00:00,25727.25,1321,2025-12-30 11:00:00+00:00,25736.0,0.0340106307514354
24,1322,2025-12-30 12:00:00+00:00,25726.5,1323,2025-12-30 13:00:00+00:00,25744.75,0.07093852642217069
25,1324,2025-12-30 14:00:00+00:00,25756.75,1325,2025-12-30 15:00:00+00:00,25761.5,0.018441767691967925
26,1326,2025-12-30 16:00:00+00:00,25720.5,1327,2025-12-30 17:00:00+00:00,25739.0,0.07192706207110877
27,1328,2025-12-30 18:00:00+00:00,25732.5,1329,2025-12-30 19:00:00+00:00,25743.0,0.04080443019527369
28,1330,2025-12-30 20:00:00+00:00,25677.5,1346,2025-12-31 13:00:00+00:00,25714.75,0.14506863985979113
29,1349,2025-12-31 16:00:00+00:00,25605.0,1352,2025-12-31 19:00:00+00:00,25634.5,0.1152118726811091
30,1353,2025-12-31 20:00:00+00:00,25455.25,1358,2026-01-02 08:00:00+00:00,25718.5,1.0341678042839808
31,1366,2026-01-02 16:00:00+00:00,25341.5,1384,2026-01-05 11:00:00+00:00,25577.0,0.9293056843517444
32,1405,2026-01-06 09:00:00+00:00,25586.75,1408,2026-01-06 12:00:00+00:00,25649.0,0.2432899840737912
33,1430,2026-01-07 11:00:00+00:00,25768.0,1433,2026-01-07 14:00:00+00:00,25856.21589973862,0.34234670808219736
34,1449,2026-01-08 07:00:00+00:00,25749.75,1474,2026-01-09 09:00:00+00:00,25725.25,-0.09514655482092405
35,1480,2026-01-09 15:00:00+00:00,25812.25,1481,2026-01-09 16:00:00+00:00,25840.567819576587,0.1097069010899343
36,1522,2026-01-13 11:00:00+00:00,25900.5,1524,2026-01-13 13:00:00+00:00,25995.90119502182,0.3683372715654887
37,1528,2026-01-13 17:00:00+00:00,25877.25,1566,2026-01-15 09:00:00+00:00,25798.48255796093,-0.3043887663452205
38,1595,2026-01-16 15:00:00+00:00,25680.5,1635,2026-01-21 14:00:00+00:00,25287.53490191,-1.5302081271392765
39,1676,2026-01-23 09:00:00+00:00,25558.25,1682,2026-01-23 15:00:00+00:00,25775.79317598756,0.8511661635188572
40,1690,2026-01-26 00:00:00+00:00,25582.0,1704,2026-01-26 14:00:00+00:00,25805.498840081786,0.8736566338901852
41,1773,2026-01-29 14:00:00+00:00,25864.0,1819,2026-02-02 14:00:00+00:00,25791.61790021047,-0.279856556563296
42,1843,2026-02-03 15:00:00+00:00,25617.5,1909,2026-02-06 11:00:00+00:00,24873.25,-2.905240558212163
43,1935,2026-02-09 14:00:00+00:00,25113.25,1936,2026-02-09 15:00:00+00:00,25310.778770683937,0.78655200216593
44,1958,2026-02-10 14:00:00+00:00,25392.25,1959,2026-02-10 15:00:00+00:00,25399.630182364566,0.029064704248593642
45,1960,2026-02-10 16:00:00+00:00,25327.0,1961,2026-02-10 17:00:00+00:00,25396.418945040747,0.2740906741451665
46,1962,2026-02-10 18:00:00+00:00,25312.5,1980,2026-02-11 13:00:00+00:00,25401.853995110036,0.353003437471755
47,1983,2026-02-11 16:00:00+00:00,25181.0,1986,2026-02-11 19:00:00+00:00,25360.5,0.7128390453119415
48,2005,2026-02-12 15:00:00+00:00,25010.25,2027,2026-02-13 14:00:00+00:00,24849.5,-0.6427364780440037
49,2028,2026-02-13 15:00:00+00:00,24810.25,2029,2026-02-13 16:00:00+00:00,24862.170531486026,0.209270488955271
50,2042,2026-02-17 06:00:00+00:00,24627.25,2055,2026-02-17 19:00:00+00:00,24889.75,1.065892456526818
51,2092,2026-02-19 10:00:00+00:00,24854.25,2110,2026-02-20 05:00:00+00:00,24948.5,0.37921079895792964
52,2117,2026-02-20 12:00:00+00:00,24829.0,2119,2026-02-20 14:00:00+00:00,24957.5,0.5175399734181907
53,2144,2026-02-23 16:00:00+00:00,24734.75,2163,2026-02-24 12:00:00+00:00,24902.25,0.6771849321298928
54,2212,2026-02-26 15:00:00+00:00,24998.75,2259,2026-03-02 16:00:00+00:00,25044.25,0.18200910045502727
55,2275,2026-03-03 09:00:00+00:00,24453.75,2299,2026-03-04 10:00:00+00:00,24864.22153176227,1.678562722536503
56,2325,2026-03-05 13:00:00+00:00,24993.75,2326,2026-03-05 14:00:00+00:00,25187.75,0.7761940485121244
57,2327,2026-03-05 15:00:00+00:00,25082.5,2375,2026-03-09 16:00:00+00:00,24717.74757483077,-1.4542108050203506
58,2413,2026-03-11 08:00:00+00:00,24967.5,2419,2026-03-11 14:00:00+00:00,25140.261943243066,0.6919473044680657
59,2422,2026-03-11 17:00:00+00:00,24951.0,2463,2026-03-13 12:00:00+00:00,24705.496048188754,-0.9839443381477575
60,2467,2026-03-13 16:00:00+00:00,24397.25,2484,2026-03-16 10:00:00+00:00,24606.27011404205,0.8567363700501041
61,2533,2026-03-18 13:00:00+00:00,24971.75,2562,2026-03-19 19:00:00+00:00,24691.5,-1.1222681630242204
62,2576,2026-03-20 10:00:00+00:00,24406.75,2600,2026-03-23 11:00:00+00:00,24343.346742837613,-0.25977754990887947
63,2626,2026-03-24 14:00:00+00:00,24242.5,2632,2026-03-24 20:00:00+00:00,24458.54203259866,0.8911705995613417
64,2651,2026-03-25 16:00:00+00:00,24422.0,2652,2026-03-25 17:00:00+00:00,24493.75,0.2937924821881932
65,2653,2026-03-25 18:00:00+00:00,24354.5,2715,2026-03-30 12:00:00+01:00,23552.362674797438,-3.293589789166529
66,2723,2026-03-30 20:00:00+01:00,23135.5,2739,2026-03-31 13:00:00+01:00,23439.25,1.3129173780553671
67,2775,2026-04-02 03:00:00+01:00,23884.75,2806,2026-04-06 05:00:00+01:00,24265.0,1.592020012769657
68,2838,2026-04-07 14:00:00+01:00,24120.25,2844,2026-04-07 20:00:00+01:00,24381.0,1.0810418631647778
69,2916,2026-04-13 00:00:00+01:00,24984.0,2930,2026-04-13 14:00:00+01:00,25310.0,1.3048350944604437
70,3117,2026-04-23 19:00:00+01:00,26860.5,3122,2026-04-24 01:00:00+01:00,27135.75,1.0247389289104847
71,3174,2026-04-28 07:00:00+01:00,27337.75,3197,2026-04-29 07:00:00+01:00,27317.25,-0.07498788305547732
72,3205,2026-04-29 15:00:00+01:00,27302.25,3206,2026-04-29 16:00:00+01:00,27309.5,0.026554587991833856
73,3207,2026-04-29 17:00:00+01:00,27199.25,3209,2026-04-29 19:00:00+01:00,27301.0,0.37409119736757646
74,3211,2026-04-29 21:00:00+01:00,27148.75,3212,2026-04-29 23:00:00+01:00,27390.82877177671,0.8916755717176983
75,3270,2026-05-04 17:00:00+01:00,27706.25,3283,2026-05-05 07:00:00+01:00,27887.0,0.6523798781863377
76,3406,2026-05-12 15:00:00+01:00,29014.25,3423,2026-05-13 09:00:00+01:00,29447.0,1.4915084829006497
77,3465,2026-05-15 05:00:00+01:00,29462.5,3496,2026-05-18 13:00:00+01:00,29419.75,-0.145099703012308
78,3499,2026-05-18 16:00:00+01:00,28997.25,3536,2026-05-20 07:00:00+01:00,29039.75,0.14656562260213502
79,3564,2026-05-21 12:00:00+01:00,29253.25,3570,2026-05-21 18:00:00+01:00,29460.21028457875,0.7074779198166015
80,3630,2026-05-27 15:00:00+01:00,29940.75,3652,2026-05-28 14:00:00+01:00,30112.0,0.571962960179695
81,3709,2026-06-02 02:00:00+01:00,30333.5,3722,2026-06-02 15:00:00+01:00,30647.25,1.034334976181439
82,3751,2026-06-03 21:00:00+01:00,30495.0,3771,2026-06-04 18:00:00+01:00,30563.25,0.22380718150516454
83,3778,2026-06-05 02:00:00+01:00,30195.5,3812,2026-06-08 13:00:00+01:00,29510.5,-2.2685499494957906
84,3838,2026-06-09 16:00:00+01:00,28695.25,3859,2026-06-10 14:00:00+01:00,29163.25,1.6309319486674578
85,3862,2026-06-10 17:00:00+01:00,28717.5,3882,2026-06-11 14:00:00+01:00,29016.75,1.0420475319926847
86,3957,2026-06-16 20:00:00+01:00,30309.75,3974,2026-06-17 14:00:00+01:00,30542.25,0.7670799000321749
87,3979,2026-06-17 19:00:00+01:00,30274.75,3997,2026-06-18 14:00:00+01:00,30605.884419211732,1.0937643389680618
88,4037,2026-06-23 02:00:00+01:00,30459.75,4071,2026-06-24 13:00:00+01:00,29872.75,-1.9271333481069242
89,4073,2026-06-24 15:00:00+01:00,29891.0,4074,2026-06-24 16:00:00+01:00,29907.5,0.05520056204209034
90,4075,2026-06-24 17:00:00+01:00,29606.5,4079,2026-06-24 21:00:00+01:00,30072.654207478015,1.5744995439447962
91,4096,2026-06-25 15:00:00+01:00,29633.25,4122,2026-06-26 18:00:00+01:00,29700.0,0.22525372681025946
92,4186,2026-07-01 13:00:00+01:00,30268.75,4209,2026-07-02 13:00:00+01:00,30263.813208752385,-0.01630986164812276
93,4212,2026-07-02 16:00:00+01:00,29676.0,4239,2026-07-06 14:00:00+01:00,30009.0,1.1221188839466212
94,4251,2026-07-07 03:00:00+01:00,29748.0,4295,2026-07-09 01:00:00+01:00,29583.0,-0.5546591367486919
95,4326,2026-07-10 09:00:00+01:00,29773.25,4331,2026-07-10 14:00:00+01:00,29968.5,0.6557900128471017
96,4332,2026-07-10 15:00:00+01:00,29818.25,4333,2026-07-10 16:00:00+01:00,29991.07908455555,0.5796084094658482
97,4343,2026-07-13 03:00:00+01:00,29717.0,4375,2026-07-14 12:00:00+01:00,29666.402743294955,-0.17026367636384654
98,4401,2026-07-15 15:00:00+01:00,29630.75,4456,2026-07-20 01:00:00+01:00,28963.5,-2.25188360065135
99,4476,2026-07-20 21:00:00+01:00,28777.0,4482,2026-07-21 04:00:00+01:00,29078.0,1.0459742155193297
100,4508,2026-07-22 07:00:00+01:00,29092.75,4558,2026-07-24 11:00:00+01:00,28706.25,-1.3285096802467922
101,4562,2026-07-24 15:00:00+01:00,28449.25,4616,2026-07-29 00:00:00+01:00,28104.5,-1.2118069896394412
102,4621,2026-07-29 05:00:00+01:00,27756.0,4653,2026-07-30 14:00:00+01:00,28016.30943920476,0.937849254953016
103,4678,2026-07-31 16:00:00+01:00,28274.0,4684,2026-08-02 23:00:00+01:00,28641.25,1.2988965126971674
104,4756,2026-08-06 02:00:00+01:00,29498.0,4769,2026-08-06 15:00:00+01:00,29667.0,0.5729201979795207
105,4839,2026-08-11 16:00:00+01:00,29663.25,4855,2026-08-12 09:00:00+01:00,29799.5,0.4593225624299535
106,4879,2026-08-13 10:00:00+01:00,29876.5,4880,2026-08-13 11:00:00+01:00,29886.5,0.033471122788819585
107,4908,2026-08-14 16:00:00+01:00,30065.75,4922,2026-08-17 07:00:00+01:00,30327.0,0.8689289307600934
108,4933,2026-08-17 18:00:00+01:00,30102.25,4971,2026-08-19 10:00:00+01:00,29630.0,-1.5688196065078208
109,4973,2026-08-19 12:00:00+01:00,29536.0,4974,2026-08-19 13:00:00+01:00,29678.11705744108,0.4811655520079894
110,4975,2026-08-19 14:00:00+01:00,29496.5,4978,2026-08-19 17:00:00+01:00,29667.25,0.5788822402657878
111,4994,2026-08-20 10:00:00+01:00,29528.25,5015,2026-08-21 08:00:00+01:00,29432.325429292738,-0.3248569444760929
112,5022,2026-08-21 15:00:00+01:00,29331.75,5023,2026-08-21 16:00:00+01:00,29488.75,0.535256164395248
113,5031,2026-08-24 01:00:00+01:00,29427.25,5058,2026-08-25 05:00:00+01:00,29217.25,-0.7136242768182588
114,5078,2026-08-26 02:00:00+01:00,29133.5,5088,2026-08-26 12:00:00+01:00,29278.75,0.49856694183672
115,5089,2026-08-26 13:00:00+01:00,29150.75,5090,2026-08-26 14:00:00+01:00,29331.550928122917,0.620227363354009
116,5091,2026-08-26 15:00:00+01:00,29252.25,5092,2026-08-26 16:00:00+01:00,29291.5,0.13417771282551172
117,5093,2026-08-26 17:00:00+01:00,29216.75,5094,2026-08-26 18:00:00+01:00,29293.75,0.2635474513763558
118,5138,2026-08-28 16:00:00+01:00,29552.5,5165,2026-08-31 20:00:00+01:00,29535.415350387768,-0.05781118217488279
119,5178,2026-09-01 10:00:00+01:00,29212.5,5204,2026-09-02 13:00:00+01:00,29149.5,-0.2156611039794587
120,5205,2026-09-02 14:00:00+01:00,29062.25,5206,2026-09-02 15:00:00+01:00,29168.048056116433,0.3640394536432501
121,5225,2026-09-03 11:00:00+01:00,29128.0,5227,2026-09-03 13:00:00+01:00,29248.511698606642,0.4137314563534833
122,5252,2026-09-04 15:00:00+01:00,29521.0,5259,2026-09-08 05:00:00+01:00,29732.98107025943,0.718068731612842
123,5264,2026-09-08 10:00:00+01:00,29599.75,5268,2026-09-08 14:00:00+01:00,29686.5,0.293076799635128
124,5269,2026-09-08 15:00:00+01:00,29563.0,5272,2026-09-08 18:00:00+01:00,29641.5,0.26553462097893554
125,5275,2026-09-08 21:00:00+01:00,29525.75,5279,2026-09-09 02:00:00+01:00,29608.5,0.28026383749777395
126,5287,2026-09-09 10:00:00+01:00,29400.5,5306,2026-09-10 06:00:00+01:00,29508.25,0.36649036581011263
127,5310,2026-09-10 10:00:00+01:00,29406.5,5331,2026-09-11 08:00:00+01:00,29268.75,-0.46843384965908896
128,5346,2026-09-14 00:00:00+01:00,29017.5,5362,2026-09-14 16:00:00+01:00,29380.28415778261,1.2502254080558606
129,5385,2026-09-15 16:00:00+01:00,29277.75,5400,2026-09-16 08:00:00+01:00,29398.0,0.4107214522973912
130,5412,2026-09-16 20:00:00+01:00,29254.25,5423,2026-09-17 08:00:00+01:00,29567.5,1.0707845868549004
131,5537,2026-09-24 07:00:00+01:00,30541.75,5548,2026-09-24 18:00:00+01:00,30827.5,0.935604541324575
132,5579,2026-09-28 02:00:00+01:00,30743.0,5611,2026-09-29 11:00:00+01:00,30643.25,-0.32446410565006856
133,5630,2026-09-30 07:00:00+01:00,30588.25,5631,2026-09-30 08:00:00+01:00,30693.25,0.34326906573602933
134,5635,2026-09-30 12:00:00+01:00,30590.25,5636,2026-09-30 13:00:00+01:00,30726.744257273636,0.4462018364467024
135,5661,2026-10-01 15:00:00+01:00,30636.0,5677,2026-10-02 08:00:00+01:00,30990.0,1.155503329416363
136,5702,2026-10-05 10:00:00+01:00,30990.75,5706,2026-10-05 14:00:00+01:00,31194.44924207845,0.657290456276316
