timestamp_et,timestamp_utc,open,high,low,close,volume
2026-09-08 00:00:00-0400,2026-09-08 04:00:00+0000,29742.75,29764.75,29728.25,29737.25,6061
2026-09-08 01:00:00-0400,2026-09-08 05:00:00+0000,29738.5,29739.75,29610.0,29612.25,12567
2026-09-08 02:00:00-0400,2026-09-08 06:00:00+0000,29612.25,29622.25,29545.5,29600.25,12844
2026-09-08 03:00:00-0400,2026-09-08 07:00:00+0000,29601.0,29638.75,29529.75,29535.5,9864
2026-09-08 04:00:00-0400,2026-09-08 08:00:00+0000,29534.5,29541.25,29477.75,29507.0,12543
2026-09-08 05:00:00-0400,2026-09-08 09:00:00+0000,29507.0,29600.5,29484.5,29599.75,6874
2026-09-08 06:00:00-0400,2026-09-08 10:00:00+0000,29600.0,29649.0,29546.5,29568.0,8133
2026-09-08 07:00:00-0400,2026-09-08 11:00:00+0000,29568.5,29601.75,29533.5,29601.0,8244
2026-09-08 08:00:00-0400,2026-09-08 12:00:00+0000,29601.0,29654.75,29548.0,29654.0,11222
2026-09-08 09:00:00-0400,2026-09-08 13:00:00+0000,29653.75,29686.5,29455.25,29502.75,87172
2026-09-08 10:00:00-0400,2026-09-08 14:00:00+0000,29503.25,29563.5,29424.75,29563.0,75025
2026-09-08 11:00:00-0400,2026-09-08 15:00:00+0000,29563.0,29645.25,29545.5,29604.25,51485
2026-09-08 12:00:00-0400,2026-09-08 16:00:00+0000,29604.25,29622.0,29549.5,29573.5,37588
2026-09-08 13:00:00-0400,2026-09-08 17:00:00+0000,29572.75,29641.5,29572.0,29590.0,27041
2026-09-08 14:00:00-0400,2026-09-08 18:00:00+0000,29590.5,29615.5,29519.75,29576.25,37270
2026-09-08 15:00:00-0400,2026-09-08 19:00:00+0000,29576.25,29586.25,29496.0,29543.5,51248
2026-09-08 16:00:00-0400,2026-09-08 20:00:00+0000,29543.0,29550.75,29503.5,29525.75,13522
2026-09-08 18:00:00-0400,2026-09-08 22:00:00+0000,29526.5,29547.0,29503.0,29544.75,3056
2026-09-08 19:00:00-0400,2026-09-08 23:00:00+0000,29544.5,29546.5,29489.75,29498.5,4529
2026-09-08 20:00:00-0400,2026-09-09 00:00:00+0000,29500.75,29564.0,29499.5,29559.75,9768
2026-09-08 21:00:00-0400,2026-09-09 01:00:00+0000,29559.75,29608.5,29555.75,29593.25,8934
2026-09-08 22:00:00-0400,2026-09-09 02:00:00+0000,29593.5,29625.5,29583.25,29611.0,5853
2026-09-08 23:00:00-0400,2026-09-09 03:00:00+0000,29611.5,29613.75,29560.5,29566.75,5595
2026-09-09 00:00:00-0400,2026-09-09 04:00:00+0000,29577.0,29620.25,29549.0,29614.0,6336
2026-09-09 01:00:00-0400,2026-09-09 05:00:00+0000,29614.5,29621.5,29562.0,29621.25,5742
2026-09-09 02:00:00-0400,2026-09-09 06:00:00+0000,29621.75,29633.75,29578.0,29579.5,6478
2026-09-09 03:00:00-0400,2026-09-09 07:00:00+0000,29581.5,29614.0,29558.0,29588.0,7843
2026-09-09 04:00:00-0400,2026-09-09 08:00:00+0000,29589.5,29609.0,29538.75,29564.75,7183
2026-09-09 05:00:00-0400,2026-09-09 09:00:00+0000,29565.0,29575.0,29388.75,29400.5,11183
2026-09-09 06:00:00-0400,2026-09-09 10:00:00+0000,29401.0,29432.25,29368.25,29391.5,13408
2026-09-09 07:00:00-0400,2026-09-09 11:00:00+0000,29392.0,29452.0,29376.5,29396.75,13260
2026-09-09 08:00:00-0400,2026-09-09 12:00:00+0000,29397.0,29404.0,29333.0,29390.5,14994
2026-09-09 09:00:00-0400,2026-09-09 13:00:00+0000,29390.75,29567.25,29382.5,29558.5,73718
2026-09-09 10:00:00-0400,2026-09-09 14:00:00+0000,29558.25,29593.75,29459.5,29528.25,75047
2026-09-09 11:00:00-0400,2026-09-09 15:00:00+0000,29528.75,29562.25,29358.0,29448.0,82314
2026-09-09 12:00:00-0400,2026-09-09 16:00:00+0000,29448.25,29478.0,29386.75,29458.0,36660
2026-09-09 13:00:00-0400,2026-09-09 17:00:00+0000,29457.5,29483.75,29428.25,29468.75,27619
2026-09-09 14:00:00-0400,2026-09-09 18:00:00+0000,29468.25,29474.0,29436.75,29447.5,22430
2026-09-09 15:00:00-0400,2026-09-09 19:00:00+0000,29448.0,29471.25,29423.25,29454.5,37281
2026-09-09 16:00:00-0400,2026-09-09 20:00:00+0000,29455.0,29460.0,29428.75,29460.0,11856
2026-09-09 18:00:00-0400,2026-09-09 22:00:00+0000,29458.5,29472.75,29423.75,29431.5,2103
2026-09-09 19:00:00-0400,2026-09-09 23:00:00+0000,29430.5,29470.75,29416.25,29463.5,3373
2026-09-09 20:00:00-0400,2026-09-10 00:00:00+0000,29464.5,29480.25,29408.0,29412.0,8586
2026-09-09 21:00:00-0400,2026-09-10 01:00:00+0000,29413.5,29426.25,29364.0,29410.5,10206
2026-09-09 22:00:00-0400,2026-09-10 02:00:00+0000,29411.0,29423.25,29373.0,29418.25,5559
2026-09-09 23:00:00-0400,2026-09-10 03:00:00+0000,29418.75,29437.0,29388.25,29424.5,4851
2026-09-10 00:00:00-0400,2026-09-10 04:00:00+0000,29427.25,29462.5,29423.0,29458.75,3897
2026-09-10 01:00:00-0400,2026-09-10 05:00:00+0000,29459.5,29508.25,29448.5,29484.75,5536
2026-09-10 02:00:00-0400,2026-09-10 06:00:00+0000,29484.0,29492.5,29435.25,29476.25,6244
2026-09-10 03:00:00-0400,2026-09-10 07:00:00+0000,29476.75,29478.25,29417.25,29445.0,5377
2026-09-10 04:00:00-0400,2026-09-10 08:00:00+0000,29443.75,29460.25,29405.25,29414.0,5839
2026-09-10 05:00:00-0400,2026-09-10 09:00:00+0000,29412.5,29431.0,29359.25,29406.5,5715
2026-09-10 06:00:00-0400,2026-09-10 10:00:00+0000,29405.75,29423.75,29363.5,29376.0,6681
2026-09-10 07:00:00-0400,2026-09-10 11:00:00+0000,29375.0,29376.0,29262.75,29264.5,11375
2026-09-10 08:00:00-0400,2026-09-10 12:00:00+0000,29264.25,29278.25,29043.25,29056.5,40463
2026-09-10 09:00:00-0400,2026-09-10 13:00:00+0000,29058.0,29203.25,29043.75,29099.75,104228
2026-09-10 10:00:00-0400,2026-09-10 14:00:00+0000,29099.5,29275.0,29097.25,29263.25,96830
2026-09-10 11:00:00-0400,2026-09-10 15:00:00+0000,29263.25,29272.75,29186.0,29205.0,54508
2026-09-10 12:00:00-0400,2026-09-10 16:00:00+0000,29205.0,29242.75,29133.75,29232.5,46991
2026-09-10 13:00:00-0400,2026-09-10 17:00:00+0000,29232.75,29267.5,29175.5,29186.0,30758
2026-09-10 14:00:00-0400,2026-09-10 18:00:00+0000,29186.25,29199.75,29146.25,29174.25,32059
2026-09-10 15:00:00-0400,2026-09-10 19:00:00+0000,29174.25,29176.0,29123.25,29138.0,49919
2026-09-10 16:00:00-0400,2026-09-10 20:00:00+0000,29138.25,29156.75,29123.0,29143.25,11499
2026-09-10 18:00:00-0400,2026-09-10 22:00:00+0000,29141.0,29157.5,29098.75,29107.5,4487
2026-09-10 19:00:00-0400,2026-09-10 23:00:00+0000,29106.25,29115.0,29062.5,29064.75,4227
2026-09-10 20:00:00-0400,2026-09-11 00:00:00+0000,29065.0,29166.25,29063.25,29161.0,10267
2026-09-10 21:00:00-0400,2026-09-11 01:00:00+0000,29159.75,29171.5,29103.5,29128.75,6817
2026-09-10 22:00:00-0400,2026-09-11 02:00:00+0000,29129.5,29138.5,29082.25,29093.25,6422
2026-09-10 23:00:00-0400,2026-09-11 03:00:00+0000,29092.0,29096.75,29048.5,29070.0,6594
2026-09-11 00:00:00-0400,2026-09-11 04:00:00+0000,29082.25,29151.5,29055.25,29125.0,8295
2026-09-11 01:00:00-0400,2026-09-11 05:00:00+0000,29124.5,29242.75,29119.5,29233.25,8110
2026-09-11 02:00:00-0400,2026-09-11 06:00:00+0000,29233.0,29261.5,29215.5,29255.0,7319
2026-09-11 03:00:00-0400,2026-09-11 07:00:00+0000,29254.25,29268.75,29225.0,29242.5,5203
2026-09-11 04:00:00-0400,2026-09-11 08:00:00+0000,29242.5,29326.0,29224.5,29322.75,9592
2026-09-11 05:00:00-0400,2026-09-11 09:00:00+0000,29324.25,29334.0,29289.5,29319.0,4648
2026-09-11 06:00:00-0400,2026-09-11 10:00:00+0000,29319.25,29339.75,29285.25,29309.25,5076
2026-09-11 07:00:00-0400,2026-09-11 11:00:00+0000,29310.5,29337.5,29289.5,29323.25,6002
2026-09-11 08:00:00-0400,2026-09-11 12:00:00+0000,29324.25,29475.75,29204.0,29469.5,36182
2026-09-11 09:00:00-0400,2026-09-11 13:00:00+0000,29468.75,29500.25,29347.25,29472.75,101324
2026-09-11 10:00:00-0400,2026-09-11 14:00:00+0000,29473.0,29473.25,29334.0,29369.75,97799
2026-09-11 11:00:00-0400,2026-09-11 15:00:00+0000,29370.75,29499.75,29361.0,29450.0,54094
2026-09-11 12:00:00-0400,2026-09-11 16:00:00+0000,29450.25,29485.25,29392.0,29436.75,39261
2026-09-11 13:00:00-0400,2026-09-11 17:00:00+0000,29437.0,29479.0,29435.75,29452.5,29113
2026-09-11 14:00:00-0400,2026-09-11 18:00:00+0000,29452.25,29460.5,29417.0,29429.5,28785
2026-09-11 15:00:00-0400,2026-09-11 19:00:00+0000,29429.5,29433.25,29378.75,29386.5,47541
2026-09-11 16:00:00-0400,2026-09-11 20:00:00+0000,29386.75,29397.5,29376.25,29387.0,11236
2026-09-13 18:00:00-0400,2026-09-13 22:00:00+0000,29002.5,29104.0,28993.0,29068.5,8249
2026-09-13 19:00:00-0400,2026-09-13 23:00:00+0000,29069.0,29101.5,29010.0,29017.5,5250
2026-09-13 20:00:00-0400,2026-09-14 00:00:00+0000,29016.25,29075.25,29005.0,29014.5,8566
2026-09-13 21:00:00-0400,2026-09-14 01:00:00+0000,29015.0,29074.75,28999.25,29068.25,6221
2026-09-13 22:00:00-0400,2026-09-14 02:00:00+0000,29068.0,29080.75,29040.75,29053.5,4378
2026-09-13 23:00:00-0400,2026-09-14 03:00:00+0000,29052.75,29059.25,29008.25,29015.0,4469
2026-09-14 00:00:00-0400,2026-09-14 04:00:00+0000,29016.75,29036.25,29001.5,29015.0,3152
2026-09-14 01:00:00-0400,2026-09-14 05:00:00+0000,29015.0,29025.0,28986.5,29013.25,3129
2026-09-14 02:00:00-0400,2026-09-14 06:00:00+0000,29014.5,29037.5,28973.5,28976.5,5131
2026-09-14 03:00:00-0400,2026-09-14 07:00:00+0000,28977.5,28991.5,28905.0,28917.25,7439
2026-09-14 04:00:00-0400,2026-09-14 08:00:00+0000,28920.0,28949.0,28850.0,28877.25,8841
2026-09-14 05:00:00-0400,2026-09-14 09:00:00+0000,28877.5,28891.5,28816.25,28855.75,8556
2026-09-14 06:00:00-0400,2026-09-14 10:00:00+0000,28856.0,28941.0,28855.0,28926.0,7243
2026-09-14 07:00:00-0400,2026-09-14 11:00:00+0000,28926.75,28977.5,28913.5,28928.75,10050
2026-09-14 08:00:00-0400,2026-09-14 12:00:00+0000,28928.5,28945.5,28845.0,28879.25,25188
2026-09-14 09:00:00-0400,2026-09-14 13:00:00+0000,28880.0,29045.75,28829.0,29003.25,76434
2026-09-14 10:00:00-0400,2026-09-14 14:00:00+0000,29003.5,29089.0,28955.75,29012.0,76771
2026-09-14 11:00:00-0400,2026-09-14 15:00:00+0000,29011.25,29505.25,28986.25,29471.75,76926
2026-09-14 12:00:00-0400,2026-09-14 16:00:00+0000,29472.0,29575.5,29428.5,29558.25,47793
2026-09-14 13:00:00-0400,2026-09-14 17:00:00+0000,29558.75,29604.5,29537.25,29581.5,38083
2026-09-14 14:00:00-0400,2026-09-14 18:00:00+0000,29582.0,29601.25,29554.0,29557.0,27527
2026-09-14 15:00:00-0400,2026-09-14 19:00:00+0000,29556.75,29559.0,29444.5,29449.5,47205
2026-09-14 16:00:00-0400,2026-09-14 20:00:00+0000,29448.75,29494.5,29445.25,29489.75,13928
2026-09-14 18:00:00-0400,2026-09-14 22:00:00+0000,29488.5,29490.25,29449.25,29458.5,2792
2026-09-14 19:00:00-0400,2026-09-14 23:00:00+0000,29459.5,29467.25,29442.75,29457.25,2837
2026-09-14 20:00:00-0400,2026-09-15 00:00:00+0000,29457.25,29490.75,29426.75,29467.75,7068
2026-09-14 21:00:00-0400,2026-09-15 01:00:00+0000,29467.5,29495.25,29428.0,29463.5,6500
2026-09-14 22:00:00-0400,2026-09-15 02:00:00+0000,29463.75,29475.25,29452.0,29460.5,3425
2026-09-14 23:00:00-0400,2026-09-15 03:00:00+0000,29460.0,29467.75,29415.0,29416.75,3104
2026-09-15 00:00:00-0400,2026-09-15 04:00:00+0000,29418.0,29425.25,29352.0,29353.25,5768
2026-09-15 01:00:00-0400,2026-09-15 05:00:00+0000,29352.25,29404.5,29308.5,29379.25,7576
2026-09-15 02:00:00-0400,2026-09-15 06:00:00+0000,29378.25,29395.25,29339.0,29352.25,5208
2026-09-15 03:00:00-0400,2026-09-15 07:00:00+0000,29354.5,29382.5,29298.75,29316.0,9777
2026-09-15 04:00:00-0400,2026-09-15 08:00:00+0000,29317.75,29317.75,29231.0,29271.5,9961
2026-09-15 05:00:00-0400,2026-09-15 09:00:00+0000,29272.25,29346.25,29236.5,29339.0,7937
2026-09-15 06:00:00-0400,2026-09-15 10:00:00+0000,29340.5,29396.0,29331.0,29393.5,7942
2026-09-15 07:00:00-0400,2026-09-15 11:00:00+0000,29393.25,29427.25,29388.75,29416.5,9243
2026-09-15 08:00:00-0400,2026-09-15 12:00:00+0000,29416.25,29484.5,29398.0,29435.75,17630
2026-09-15 09:00:00-0400,2026-09-15 13:00:00+0000,29433.75,29453.5,29372.5,29429.25,67052
2026-09-15 10:00:00-0400,2026-09-15 14:00:00+0000,29429.5,29432.0,29215.75,29239.75,87200
2026-09-15 11:00:00-0400,2026-09-15 15:00:00+0000,29240.0,29311.5,29239.25,29277.75,54048
2026-09-15 12:00:00-0400,2026-09-15 16:00:00+0000,29277.75,29302.5,29240.0,29279.5,39330
2026-09-15 13:00:00-0400,2026-09-15 17:00:00+0000,29280.25,29284.0,29241.25,29263.75,28908
2026-09-15 14:00:00-0400,2026-09-15 18:00:00+0000,29263.5,29287.75,29229.75,29252.5,30048
2026-09-15 15:00:00-0400,2026-09-15 19:00:00+0000,29252.75,29258.75,29207.5,29251.5,49332
2026-09-15 16:00:00-0400,2026-09-15 20:00:00+0000,29251.75,29291.0,29250.25,29277.0,15254
2026-09-15 18:00:00-0400,2026-09-15 22:00:00+0000,29263.75,29289.25,29251.25,29282.5,2260
2026-09-15 19:00:00-0400,2026-09-15 23:00:00+0000,29282.0,29287.75,29263.25,29278.5,2403
2026-09-15 20:00:00-0400,2026-09-16 00:00:00+0000,29277.5,29286.0,29257.75,29272.5,4561
2026-09-15 21:00:00-0400,2026-09-16 01:00:00+0000,29272.25,29288.75,29226.0,29230.0,7457
2026-09-15 22:00:00-0400,2026-09-16 02:00:00+0000,29228.75,29284.0,29228.0,29282.75,5323
2026-09-15 23:00:00-0400,2026-09-16 03:00:00+0000,29282.75,29358.5,29280.75,29331.25,7712
2026-09-16 00:00:00-0400,2026-09-16 04:00:00+0000,29331.75,29340.5,29298.75,29303.75,3502
2026-09-16 01:00:00-0400,2026-09-16 05:00:00+0000,29303.25,29348.25,29285.5,29334.25,5621
2026-09-16 02:00:00-0400,2026-09-16 06:00:00+0000,29334.0,29372.5,29328.75,29365.75,7164
2026-09-16 03:00:00-0400,2026-09-16 07:00:00+0000,29365.5,29398.0,29359.0,29369.25,7157
2026-09-16 04:00:00-0400,2026-09-16 08:00:00+0000,29369.0,29376.5,29326.0,29372.5,8898
2026-09-16 05:00:00-0400,2026-09-16 09:00:00+0000,29372.5,29392.0,29336.75,29380.5,5507
2026-09-16 06:00:00-0400,2026-09-16 10:00:00+0000,29380.25,29400.5,29356.0,29397.5,5210
2026-09-16 07:00:00-0400,2026-09-16 11:00:00+0000,29398.0,29419.25,29363.5,29417.0,10893
2026-09-16 08:00:00-0400,2026-09-16 12:00:00+0000,29415.5,29439.0,29364.0,29403.0,16538
2026-09-16 09:00:00-0400,2026-09-16 13:00:00+0000,29401.25,29481.5,29363.75,29478.75,66514
2026-09-16 10:00:00-0400,2026-09-16 14:00:00+0000,29479.25,29501.0,29418.0,29499.0,60032
2026-09-16 11:00:00-0400,2026-09-16 15:00:00+0000,29499.25,29549.75,29482.25,29499.25,56812
2026-09-16 12:00:00-0400,2026-09-16 16:00:00+0000,29499.5,29502.5,29464.25,29468.5,26163
2026-09-16 13:00:00-0400,2026-09-16 17:00:00+0000,29468.5,29478.5,29419.25,29475.0,23585
2026-09-16 14:00:00-0400,2026-09-16 18:00:00+0000,29478.75,29539.0,29221.5,29231.0,114071
2026-09-16 15:00:00-0400,2026-09-16 19:00:00+0000,29231.75,29303.75,29053.0,29254.25,130378
2026-09-16 16:00:00-0400,2026-09-16 20:00:00+0000,29254.0,29283.25,29231.0,29263.75,16832
2026-09-16 18:00:00-0400,2026-09-16 22:00:00+0000,29271.0,29369.25,29247.75,29350.0,5713
2026-09-16 19:00:00-0400,2026-09-16 23:00:00+0000,29350.75,29457.0,29349.25,29450.5,9504
2026-09-16 20:00:00-0400,2026-09-17 00:00:00+0000,29451.5,29478.0,29409.5,29450.25,10722
2026-09-16 21:00:00-0400,2026-09-17 01:00:00+0000,29451.5,29474.25,29406.25,29418.5,7544
2026-09-16 22:00:00-0400,2026-09-17 02:00:00+0000,29419.0,29454.25,29406.25,29421.75,5801
2026-09-16 23:00:00-0400,2026-09-17 03:00:00+0000,29423.0,29466.5,29419.0,29465.5,2823
2026-09-17 00:00:00-0400,2026-09-17 04:00:00+0000,29466.0,29471.5,29438.75,29450.5,3337
2026-09-17 01:00:00-0400,2026-09-17 05:00:00+0000,29450.75,29453.75,29371.0,29373.75,5245
2026-09-17 02:00:00-0400,2026-09-17 06:00:00+0000,29372.5,29473.5,29368.75,29469.5,8362
2026-09-17 03:00:00-0400,2026-09-17 07:00:00+0000,29469.5,29567.5,29462.25,29517.75,11616
2026-09-17 04:00:00-0400,2026-09-17 08:00:00+0000,29517.75,29561.25,29485.0,29555.5,7945
2026-09-17 05:00:00-0400,2026-09-17 09:00:00+0000,29556.0,29592.75,29545.5,29558.5,6132
2026-09-17 06:00:00-0400,2026-09-17 10:00:00+0000,29558.5,29590.75,29557.75,29586.75,4781
2026-09-17 07:00:00-0400,2026-09-17 11:00:00+0000,29586.75,29624.0,29555.5,29620.0,8854
2026-09-17 08:00:00-0400,2026-09-17 12:00:00+0000,29621.0,29753.25,29595.5,29724.0,25319
2026-09-17 09:00:00-0400,2026-09-17 13:00:00+0000,29724.25,29750.0,29605.75,29689.0,82506
2026-09-17 10:00:00-0400,2026-09-17 14:00:00+0000,29689.5,29748.0,29639.5,29680.0,78583
2026-09-17 11:00:00-0400,2026-09-17 15:00:00+0000,29680.75,29745.75,29652.0,29743.5,45673
2026-09-17 12:00:00-0400,2026-09-17 16:00:00+0000,29743.25,29753.25,29704.25,29741.5,36763
2026-09-17 13:00:00-0400,2026-09-17 17:00:00+0000,29741.25,29762.5,29717.25,29742.5,30471
2026-09-17 14:00:00-0400,2026-09-17 18:00:00+0000,29742.5,29747.5,29705.0,29722.0,27681
2026-09-17 15:00:00-0400,2026-09-17 19:00:00+0000,29722.0,29793.25,29720.0,29744.5,60611
2026-09-17 16:00:00-0400,2026-09-17 20:00:00+0000,29744.5,29748.25,29712.5,29720.5,16697
2026-09-17 18:00:00-0400,2026-09-17 22:00:00+0000,29723.75,29728.5,29674.0,29687.5,4456
2026-09-17 19:00:00-0400,2026-09-17 23:00:00+0000,29686.75,29712.0,29686.0,29696.5,3859
2026-09-17 20:00:00-0400,2026-09-18 00:00:00+0000,29697.25,29708.0,29660.5,29666.5,6421
2026-09-17 21:00:00-0400,2026-09-18 01:00:00+0000,29665.75,29683.0,29648.0,29678.0,5675
2026-09-17 22:00:00-0400,2026-09-18 02:00:00+0000,29679.75,29704.0,29663.0,29692.75,4279
2026-09-17 23:00:00-0400,2026-09-18 03:00:00+0000,29693.75,29764.75,29689.0,29752.25,7700
2026-09-18 00:00:00-0400,2026-09-18 04:00:00+0000,29762.75,29812.75,29755.0,29810.5,6652
2026-09-18 01:00:00-0400,2026-09-18 05:00:00+0000,29810.25,29859.25,29803.0,29846.0,8419
2026-09-18 02:00:00-0400,2026-09-18 06:00:00+0000,29846.25,29921.5,29845.0,29916.0,10386
2026-09-18 03:00:00-0400,2026-09-18 07:00:00+0000,29916.25,29966.75,29910.75,29929.5,9693
2026-09-18 04:00:00-0400,2026-09-18 08:00:00+0000,29928.75,29944.0,29891.25,29892.75,8643
2026-09-18 05:00:00-0400,2026-09-18 09:00:00+0000,29893.25,29899.0,29836.0,29839.0,6191
2026-09-18 06:00:00-0400,2026-09-18 10:00:00+0000,29838.25,29903.25,29838.25,29877.25,6525
2026-09-18 07:00:00-0400,2026-09-18 11:00:00+0000,29877.25,29898.75,29822.5,29838.75,9568
2026-09-18 08:00:00-0400,2026-09-18 12:00:00+0000,29839.75,29853.5,29767.75,29776.5,15446
2026-09-18 09:00:00-0400,2026-09-18 13:00:00+0000,29776.25,29844.75,29744.75,29776.75,73205
2026-09-18 10:00:00-0400,2026-09-18 14:00:00+0000,29776.25,29783.75,29692.75,29758.25,79340
2026-09-18 11:00:00-0400,2026-09-18 15:00:00+0000,29758.25,29772.5,29702.75,29708.25,43238
2026-09-18 12:00:00-0400,2026-09-18 16:00:00+0000,29708.25,29735.0,29659.25,29727.5,40479
2026-09-18 13:00:00-0400,2026-09-18 17:00:00+0000,29728.0,29768.0,29719.75,29763.25,25506
2026-09-18 14:00:00-0400,2026-09-18 18:00:00+0000,29763.0,29849.5,29748.0,29832.0,33032
2026-09-18 15:00:00-0400,2026-09-18 19:00:00+0000,29832.25,29937.75,29822.75,29915.75,62603
2026-09-18 16:00:00-0400,2026-09-18 20:00:00+0000,29916.0,29993.25,29912.25,29917.25,23758
2026-09-20 18:00:00-0400,2026-09-20 22:00:00+0000,29946.5,30034.0,29945.0,30025.25,8750
2026-09-20 19:00:00-0400,2026-09-20 23:00:00+0000,30025.0,30040.25,30011.25,30029.5,4114
2026-09-20 20:00:00-0400,2026-09-21 00:00:00+0000,30029.5,30097.25,30018.0,30095.5,9166
2026-09-20 21:00:00-0400,2026-09-21 01:00:00+0000,30095.5,30130.5,30069.5,30071.0,9414
2026-09-20 22:00:00-0400,2026-09-21 02:00:00+0000,30070.5,30105.0,30063.5,30080.0,6305
2026-09-20 23:00:00-0400,2026-09-21 03:00:00+0000,30078.5,30107.0,30078.5,30090.0,3757
2026-09-21 00:00:00-0400,2026-09-21 04:00:00+0000,30087.25,30100.75,30071.0,30090.0,2694
2026-09-21 01:00:00-0400,2026-09-21 05:00:00+0000,30090.25,30111.75,30075.25,30090.75,3521
2026-09-21 02:00:00-0400,2026-09-21 06:00:00+0000,30090.5,30144.5,30090.5,30141.5,6290
2026-09-21 03:00:00-0400,2026-09-21 07:00:00+0000,30142.0,30188.25,30126.0,30178.75,9034
2026-09-21 04:00:00-0400,2026-09-21 08:00:00+0000,30178.5,30237.75,30172.5,30234.5,8620
2026-09-21 05:00:00-0400,2026-09-21 09:00:00+0000,30234.75,30264.0,30228.5,30234.25,5721
2026-09-21 06:00:00-0400,2026-09-21 10:00:00+0000,30234.0,30266.75,30232.75,30241.5,4624
2026-09-21 07:00:00-0400,2026-09-21 11:00:00+0000,30241.25,30260.5,30216.0,30247.0,6284
2026-09-21 08:00:00-0400,2026-09-21 12:00:00+0000,30247.5,30275.0,30222.25,30225.5,10922
2026-09-21 09:00:00-0400,2026-09-21 13:00:00+0000,30224.25,30423.0,30202.25,30417.0,77061
2026-09-21 10:00:00-0400,2026-09-21 14:00:00+0000,30416.5,30559.5,30397.0,30550.5,86796
2026-09-21 11:00:00-0400,2026-09-21 15:00:00+0000,30551.0,30639.25,30549.0,30609.75,53184
2026-09-21 12:00:00-0400,2026-09-21 16:00:00+0000,30610.25,30704.25,30601.5,30680.5,46605
2026-09-21 13:00:00-0400,2026-09-21 17:00:00+0000,30680.5,30724.5,30664.25,30712.5,33530
2026-09-21 14:00:00-0400,2026-09-21 18:00:00+0000,30712.75,30797.25,30712.5,30786.5,38783
2026-09-21 15:00:00-0400,2026-09-21 19:00:00+0000,30786.75,30862.75,30773.0,30783.5,69707
2026-09-21 16:00:00-0400,2026-09-21 20:00:00+0000,30784.0,30794.0,30756.5,30781.0,16752
2026-09-21 18:00:00-0400,2026-09-21 22:00:00+0000,30780.0,30833.5,30778.5,30829.5,4925
2026-09-21 19:00:00-0400,2026-09-21 23:00:00+0000,30828.25,30856.75,30823.25,30852.25,5019
2026-09-21 20:00:00-0400,2026-09-22 00:00:00+0000,30852.25,30916.5,30850.0,30899.5,12351
2026-09-21 21:00:00-0400,2026-09-22 01:00:00+0000,30900.0,30904.75,30867.5,30874.75,8440
2026-09-21 22:00:00-0400,2026-09-22 02:00:00+0000,30873.0,30897.75,30866.5,30894.5,5693
2026-09-21 23:00:00-0400,2026-09-22 03:00:00+0000,30894.5,30899.25,30863.75,30875.0,4740
2026-09-22 00:00:00-0400,2026-09-22 04:00:00+0000,30846.75,30866.5,30809.25,30812.5,8427
2026-09-22 01:00:00-0400,2026-09-22 05:00:00+0000,30813.0,30844.75,30779.5,30814.75,9854
2026-09-22 02:00:00-0400,2026-09-22 06:00:00+0000,30816.25,30818.75,30766.5,30779.0,7236
2026-09-22 03:00:00-0400,2026-09-22 07:00:00+0000,30779.25,30794.0,30761.0,30770.5,6298
2026-09-22 04:00:00-0400,2026-09-22 08:00:00+0000,30770.25,30789.75,30670.0,30784.5,16266
2026-09-22 05:00:00-0400,2026-09-22 09:00:00+0000,30782.5,30850.75,30753.0,30837.25,12593
2026-09-22 06:00:00-0400,2026-09-22 10:00:00+0000,30839.0,30847.0,30794.0,30814.25,7246
2026-09-22 07:00:00-0400,2026-09-22 11:00:00+0000,30814.0,30829.0,30754.5,30776.75,9128
2026-09-22 08:00:00-0400,2026-09-22 12:00:00+0000,30776.75,30791.75,30745.5,30752.25,8389
2026-09-22 09:00:00-0400,2026-09-22 13:00:00+0000,30753.0,30945.0,30748.75,30930.0,72556
2026-09-22 10:00:00-0400,2026-09-22 14:00:00+0000,30929.5,30997.5,30890.5,30924.75,81582
2026-09-22 11:00:00-0400,2026-09-22 15:00:00+0000,30925.75,30949.0,30885.75,30910.5,45995
2026-09-22 12:00:00-0400,2026-09-22 16:00:00+0000,30911.25,30947.0,30889.25,30940.75,35260
2026-09-22 13:00:00-0400,2026-09-22 17:00:00+0000,30941.25,30988.25,30921.75,30977.25,30292
2026-09-22 14:00:00-0400,2026-09-22 18:00:00+0000,30977.25,31009.5,30951.25,30976.0,31006
2026-09-22 15:00:00-0400,2026-09-22 19:00:00+0000,30976.0,31065.5,30975.25,31030.25,58662
2026-09-22 16:00:00-0400,2026-09-22 20:00:00+0000,31029.25,31035.75,30991.0,31002.0,13509
2026-09-22 18:00:00-0400,2026-09-22 22:00:00+0000,31008.5,31060.5,30997.5,31044.25,4468
2026-09-22 19:00:00-0400,2026-09-22 23:00:00+0000,31045.0,31070.5,31042.75,31065.0,3922
2026-09-22 20:00:00-0400,2026-09-23 00:00:00+0000,31064.5,31065.75,31012.0,31022.75,8094
2026-09-22 21:00:00-0400,2026-09-23 01:00:00+0000,31023.75,31058.0,31008.25,31016.25,6703
2026-09-22 22:00:00-0400,2026-09-23 02:00:00+0000,31016.25,31021.25,30982.75,31007.75,5517
2026-09-22 23:00:00-0400,2026-09-23 03:00:00+0000,31008.0,31027.0,30990.75,31013.25,3583
2026-09-23 00:00:00-0400,2026-09-23 04:00:00+0000,31032.75,31052.25,31026.5,31035.25,3410
2026-09-23 01:00:00-0400,2026-09-23 05:00:00+0000,31035.0,31044.5,31019.0,31028.75,3924
2026-09-23 02:00:00-0400,2026-09-23 06:00:00+0000,31029.25,31094.75,31028.25,31051.0,7322
2026-09-23 03:00:00-0400,2026-09-23 07:00:00+0000,31049.75,31061.75,31028.0,31035.25,5515
2026-09-23 04:00:00-0400,2026-09-23 08:00:00+0000,31034.25,31051.25,31002.0,31016.5,5144
2026-09-23 05:00:00-0400,2026-09-23 09:00:00+0000,31015.75,31034.25,30997.75,31012.5,3870
2026-09-23 06:00:00-0400,2026-09-23 10:00:00+0000,31012.25,31043.75,31009.75,31027.75,3366
2026-09-23 07:00:00-0400,2026-09-23 11:00:00+0000,31027.5,31029.25,30910.75,30959.5,11180
2026-09-23 08:00:00-0400,2026-09-23 12:00:00+0000,30958.5,30974.25,30917.25,30968.0,10427
2026-09-23 09:00:00-0400,2026-09-23 13:00:00+0000,30968.0,31013.0,30832.75,30846.0,73294
2026-09-23 10:00:00-0400,2026-09-23 14:00:00+0000,30846.75,30871.0,30642.75,30822.5,123359
2026-09-23 11:00:00-0400,2026-09-23 15:00:00+0000,30823.25,30827.75,30723.25,30746.5,55169
2026-09-23 12:00:00-0400,2026-09-23 16:00:00+0000,30747.0,30756.25,30667.75,30686.75,39792
2026-09-23 13:00:00-0400,2026-09-23 17:00:00+0000,30687.5,30774.5,30646.5,30771.0,49801
2026-09-23 14:00:00-0400,2026-09-23 18:00:00+0000,30771.0,30772.0,30725.0,30762.0,29673
2026-09-23 15:00:00-0400,2026-09-23 19:00:00+0000,30762.25,30782.5,30710.0,30770.5,57695
2026-09-23 16:00:00-0400,2026-09-23 20:00:00+0000,30770.0,30777.25,30750.5,30776.0,10212
2026-09-23 18:00:00-0400,2026-09-23 22:00:00+0000,30780.0,30813.0,30778.0,30793.75,3962
2026-09-23 19:00:00-0400,2026-09-23 23:00:00+0000,30793.5,30798.5,30746.0,30753.5,4651
2026-09-23 20:00:00-0400,2026-09-24 00:00:00+0000,30753.5,30761.0,30704.5,30725.25,7856
2026-09-23 21:00:00-0400,2026-09-24 01:00:00+0000,30724.5,30761.0,30713.75,30744.75,6831
2026-09-23 22:00:00-0400,2026-09-24 02:00:00+0000,30743.0,30750.0,30708.75,30741.25,4112
2026-09-23 23:00:00-0400,2026-09-24 03:00:00+0000,30740.75,30742.0,30688.25,30704.0,4732
2026-09-24 00:00:00-0400,2026-09-24 04:00:00+0000,30661.75,30700.0,30651.25,30687.0,7559
2026-09-24 01:00:00-0400,2026-09-24 05:00:00+0000,30685.75,30716.0,30607.0,30608.75,7849
2026-09-24 02:00:00-0400,2026-09-24 06:00:00+0000,30607.75,30631.25,30535.25,30541.75,13682
2026-09-24 03:00:00-0400,2026-09-24 07:00:00+0000,30541.5,30632.5,30512.75,30559.5,11247
2026-09-24 04:00:00-0400,2026-09-24 08:00:00+0000,30559.25,30590.0,30407.25,30433.25,19273
2026-09-24 05:00:00-0400,2026-09-24 09:00:00+0000,30433.5,30464.5,30370.0,30436.5,12557
2026-09-24 06:00:00-0400,2026-09-24 10:00:00+0000,30434.75,30523.75,30415.0,30488.75,13277
2026-09-24 07:00:00-0400,2026-09-24 11:00:00+0000,30487.75,30512.75,30428.0,30462.75,10959
2026-09-24 08:00:00-0400,2026-09-24 12:00:00+0000,30462.5,30509.5,30420.25,30485.25,19454
2026-09-24 09:00:00-0400,2026-09-24 13:00:00+0000,30486.5,30622.75,30484.25,30578.75,86166
2026-09-24 10:00:00-0400,2026-09-24 14:00:00+0000,30579.0,30639.75,30532.5,30541.25,70999
2026-09-24 11:00:00-0400,2026-09-24 15:00:00+0000,30542.25,30572.75,30502.5,30554.75,62394
2026-09-24 12:00:00-0400,2026-09-24 16:00:00+0000,30554.0,30815.75,30506.5,30792.25,104828
2026-09-24 13:00:00-0400,2026-09-24 17:00:00+0000,30792.25,30827.5,30665.75,30696.75,63888
2026-09-24 14:00:00-0400,2026-09-24 18:00:00+0000,30697.5,30792.5,30622.0,30779.75,55958
2026-09-24 15:00:00-0400,2026-09-24 19:00:00+0000,30779.5,30791.0,30724.0,30757.0,48651
2026-09-24 16:00:00-0400,2026-09-24 20:00:00+0000,30757.0,30762.0,30662.25,30736.25,16708
2026-09-24 18:00:00-0400,2026-09-24 22:00:00+0000,30726.5,30765.25,30704.25,30730.0,3824
2026-09-24 19:00:00-0400,2026-09-24 23:00:00+0000,30729.75,30737.75,30683.75,30687.25,3552
2026-09-24 20:00:00-0400,2026-09-25 00:00:00+0000,30687.0,30727.25,30679.0,30697.75,6286
2026-09-24 21:00:00-0400,2026-09-25 01:00:00+0000,30698.75,30810.0,30680.0,30790.5,8223
2026-09-24 22:00:00-0400,2026-09-25 02:00:00+0000,30791.0,30814.5,30761.0,30790.75,4365
2026-09-24 23:00:00-0400,2026-09-25 03:00:00+0000,30790.75,30813.75,30774.25,30790.25,3931
2026-09-25 00:00:00-0400,2026-09-25 04:00:00+0000,30776.25,30792.5,30763.25,30779.25,2761
2026-09-25 01:00:00-0400,2026-09-25 05:00:00+0000,30777.0,30868.75,30776.0,30850.75,6202
2026-09-25 02:00:00-0400,2026-09-25 06:00:00+0000,30850.5,30906.0,30849.5,30867.25,6861
2026-09-25 03:00:00-0400,2026-09-25 07:00:00+0000,30866.75,30905.0,30856.25,30868.0,7522
2026-09-25 04:00:00-0400,2026-09-25 08:00:00+0000,30867.25,30954.25,30838.0,30947.0,7531
2026-09-25 05:00:00-0400,2026-09-25 09:00:00+0000,30945.75,30963.25,30912.0,30916.75,4765
2026-09-25 06:00:00-0400,2026-09-25 10:00:00+0000,30916.25,30942.0,30900.0,30922.0,4596
2026-09-25 07:00:00-0400,2026-09-25 11:00:00+0000,30922.75,30999.5,30912.75,30961.5,7993
2026-09-25 08:00:00-0400,2026-09-25 12:00:00+0000,30960.5,30978.0,30871.5,30877.5,15073
2026-09-25 09:00:00-0400,2026-09-25 13:00:00+0000,30878.0,30926.5,30767.5,30900.0,76412
2026-09-25 10:00:00-0400,2026-09-25 14:00:00+0000,30900.25,30905.0,30684.0,30823.75,106176
2026-09-25 11:00:00-0400,2026-09-25 15:00:00+0000,30823.0,30871.5,30731.25,30857.5,69212
2026-09-25 12:00:00-0400,2026-09-25 16:00:00+0000,30856.75,30951.5,30838.0,30877.5,75193
2026-09-25 13:00:00-0400,2026-09-25 17:00:00+0000,30878.0,30927.0,30872.75,30911.75,29411
2026-09-25 14:00:00-0400,2026-09-25 18:00:00+0000,30912.0,30931.0,30867.25,30868.5,27718
2026-09-25 15:00:00-0400,2026-09-25 19:00:00+0000,30869.0,30935.0,30845.0,30891.5,45375
2026-09-25 16:00:00-0400,2026-09-25 20:00:00+0000,30891.25,30922.25,30880.5,30921.75,10539
2026-09-25 17:00:00-0400,2026-09-25 21:00:00+0000,30921.75,30921.75,30889.25,30889.25,1
2026-09-27 18:00:00-0400,2026-09-27 22:00:00+0000,30844.5,30850.75,30781.5,30791.5,5292
2026-09-27 19:00:00-0400,2026-09-27 23:00:00+0000,30792.25,30849.75,30783.25,30849.5,5750
2026-09-27 20:00:00-0400,2026-09-28 00:00:00+0000,30849.5,30898.25,30791.5,30797.25,12676
2026-09-27 21:00:00-0400,2026-09-28 01:00:00+0000,30798.0,30825.25,30741.5,30743.0,11011
2026-09-27 22:00:00-0400,2026-09-28 02:00:00+0000,30742.75,30759.75,30667.75,30679.25,9737
2026-09-27 23:00:00-0400,2026-09-28 03:00:00+0000,30679.75,30704.0,30644.0,30650.0,6899
2026-09-28 00:00:00-0400,2026-09-28 04:00:00+0000,30648.5,30697.5,30638.5,30677.75,3836
2026-09-28 01:00:00-0400,2026-09-28 05:00:00+0000,30678.5,30705.5,30628.0,30650.25,6452
2026-09-28 02:00:00-0400,2026-09-28 06:00:00+0000,30651.5,30679.0,30580.0,30646.25,10286
2026-09-28 03:00:00-0400,2026-09-28 07:00:00+0000,30645.5,30646.5,30564.25,30609.75,8404
2026-09-28 04:00:00-0400,2026-09-28 08:00:00+0000,30610.5,30640.0,30571.0,30580.0,7621
2026-09-28 05:00:00-0400,2026-09-28 09:00:00+0000,30578.75,30607.25,30531.0,30591.75,10136
2026-09-28 06:00:00-0400,2026-09-28 10:00:00+0000,30592.0,30616.25,30549.0,30584.5,6607
2026-09-28 07:00:00-0400,2026-09-28 11:00:00+0000,30585.75,30649.0,30585.75,30641.25,12894
2026-09-28 08:00:00-0400,2026-09-28 12:00:00+0000,30639.5,30753.0,30612.5,30739.0,18601
2026-09-28 09:00:00-0400,2026-09-28 13:00:00+0000,30739.25,30759.25,30583.0,30650.75,86171
2026-09-28 10:00:00-0400,2026-09-28 14:00:00+0000,30651.25,30658.0,30356.75,30410.0,109479
2026-09-28 11:00:00-0400,2026-09-28 15:00:00+0000,30410.0,30531.25,30404.75,30522.25,67611
2026-09-28 12:00:00-0400,2026-09-28 16:00:00+0000,30522.25,30722.0,30498.5,30602.25,89192
2026-09-28 13:00:00-0400,2026-09-28 17:00:00+0000,30602.25,30694.0,30564.25,30625.75,61849
2026-09-28 14:00:00-0400,2026-09-28 18:00:00+0000,30625.75,30650.0,30578.75,30637.75,34061
2026-09-28 15:00:00-0400,2026-09-28 19:00:00+0000,30639.25,30641.25,30534.75,30566.75,60940
2026-09-28 16:00:00-0400,2026-09-28 20:00:00+0000,30567.0,30578.0,30533.0,30556.75,12887
2026-09-28 18:00:00-0400,2026-09-28 22:00:00+0000,30560.5,30616.0,30536.25,30599.75,3883
2026-09-28 19:00:00-0400,2026-09-28 23:00:00+0000,30598.5,30612.25,30568.0,30579.25,3378
2026-09-28 20:00:00-0400,2026-09-29 00:00:00+0000,30580.0,30607.0,30494.75,30495.0,12014
2026-09-28 21:00:00-0400,2026-09-29 01:00:00+0000,30493.5,30529.25,30430.0,30501.0,12590
2026-09-28 22:00:00-0400,2026-09-29 02:00:00+0000,30501.25,30537.5,30440.75,30462.25,6791
2026-09-28 23:00:00-0400,2026-09-29 03:00:00+0000,30464.0,30499.0,30409.25,30437.5,7863
2026-09-29 00:00:00-0400,2026-09-29 04:00:00+0000,30432.0,30451.75,30419.25,30431.25,4442
2026-09-29 01:00:00-0400,2026-09-29 05:00:00+0000,30432.0,30457.75,30372.25,30431.0,7661
2026-09-29 02:00:00-0400,2026-09-29 06:00:00+0000,30432.5,30558.0,30425.5,30548.25,9043
2026-09-29 03:00:00-0400,2026-09-29 07:00:00+0000,30548.75,30626.5,30527.75,30581.25,7576
2026-09-29 04:00:00-0400,2026-09-29 08:00:00+0000,30580.75,30635.25,30569.75,30600.0,6858
2026-09-29 05:00:00-0400,2026-09-29 09:00:00+0000,30599.75,30607.5,30537.75,30568.25,6301
2026-09-29 06:00:00-0400,2026-09-29 10:00:00+0000,30567.5,30643.25,30565.25,30642.0,6300
2026-09-29 07:00:00-0400,2026-09-29 11:00:00+0000,30642.25,30707.0,30629.0,30682.0,10747
2026-09-29 08:00:00-0400,2026-09-29 12:00:00+0000,30681.25,30717.75,30629.0,30632.0,12409
2026-09-29 09:00:00-0400,2026-09-29 13:00:00+0000,30631.25,30725.5,30545.5,30608.25,86637
2026-09-29 10:00:00-0400,2026-09-29 14:00:00+0000,30608.25,30706.25,30589.25,30663.25,88444
2026-09-29 11:00:00-0400,2026-09-29 15:00:00+0000,30663.0,30665.75,30531.25,30587.75,78085
2026-09-29 12:00:00-0400,2026-09-29 16:00:00+0000,30588.0,30594.0,30504.5,30538.0,46004
2026-09-29 13:00:00-0400,2026-09-29 17:00:00+0000,30537.5,30584.75,30508.25,30522.5,37082
2026-09-29 14:00:00-0400,2026-09-29 18:00:00+0000,30522.0,30660.75,30521.25,30646.5,55800
2026-09-29 15:00:00-0400,2026-09-29 19:00:00+0000,30647.0,30656.5,30592.25,30617.25,48869
2026-09-29 16:00:00-0400,2026-09-29 20:00:00+0000,30617.25,30677.25,30613.75,30652.75,12509
2026-09-29 18:00:00-0400,2026-09-29 22:00:00+0000,30657.25,30708.75,30655.0,30669.0,4982
2026-09-29 19:00:00-0400,2026-09-29 23:00:00+0000,30669.0,30714.0,30663.5,30713.5,4199
2026-09-29 20:00:00-0400,2026-09-30 00:00:00+0000,30712.0,30737.0,30643.5,30656.5,11286
2026-09-29 21:00:00-0400,2026-09-30 01:00:00+0000,30653.75,30669.5,30624.75,30647.5,6947
2026-09-29 22:00:00-0400,2026-09-30 02:00:00+0000,30647.0,30657.75,30571.0,30597.0,7960
2026-09-29 23:00:00-0400,2026-09-30 03:00:00+0000,30596.25,30648.75,30590.75,30637.75,4305
2026-09-30 00:00:00-0400,2026-09-30 04:00:00+0000,30643.5,30676.5,30637.75,30648.25,4248
2026-09-30 01:00:00-0400,2026-09-30 05:00:00+0000,30647.75,30661.5,30580.0,30614.5,8123
2026-09-30 02:00:00-0400,2026-09-30 06:00:00+0000,30612.5,30630.75,30539.75,30588.25,8873
2026-09-30 03:00:00-0400,2026-09-30 07:00:00+0000,30586.5,30693.25,30582.0,30691.25,9245
2026-09-30 04:00:00-0400,2026-09-30 08:00:00+0000,30689.25,30707.25,30620.0,30621.0,6437
2026-09-30 05:00:00-0400,2026-09-30 09:00:00+0000,30620.25,30641.5,30588.25,30614.25,5655
2026-09-30 06:00:00-0400,2026-09-30 10:00:00+0000,30614.25,30614.25,30572.0,30590.25,5368
2026-09-30 07:00:00-0400,2026-09-30 11:00:00+0000,30590.25,30606.0,30512.25,30590.25,10783
2026-09-30 08:00:00-0400,2026-09-30 12:00:00+0000,30589.0,30779.5,30535.5,30714.25,34968
2026-09-30 09:00:00-0400,2026-09-30 13:00:00+0000,30715.0,30843.75,30683.0,30841.0,98281
2026-09-30 10:00:00-0400,2026-09-30 14:00:00+0000,30841.25,30894.75,30780.25,30843.5,87307
2026-09-30 11:00:00-0400,2026-09-30 15:00:00+0000,30843.75,30906.0,30806.0,30879.25,58939
2026-09-30 12:00:00-0400,2026-09-30 16:00:00+0000,30878.75,30896.75,30819.75,30861.25,35345
2026-09-30 13:00:00-0400,2026-09-30 17:00:00+0000,30860.75,30871.0,30760.5,30856.5,41057
2026-09-30 14:00:00-0400,2026-09-30 18:00:00+0000,30856.5,30864.75,30790.5,30812.0,38889
2026-09-30 15:00:00-0400,2026-09-30 19:00:00+0000,30812.75,30858.25,30680.75,30693.75,71514
2026-09-30 16:00:00-0400,2026-09-30 20:00:00+0000,30692.75,30751.5,30636.5,30725.75,33274
2026-09-30 18:00:00-0400,2026-09-30 22:00:00+0000,30707.0,30794.75,30684.5,30771.5,4972
2026-09-30 19:00:00-0400,2026-09-30 23:00:00+0000,30771.75,30834.25,30754.25,30819.0,5003
2026-09-30 20:00:00-0400,2026-10-01 00:00:00+0000,30819.25,30825.0,30724.75,30787.75,10342
2026-09-30 21:00:00-0400,2026-10-01 01:00:00+0000,30788.25,30845.5,30783.0,30821.0,7667
2026-09-30 22:00:00-0400,2026-10-01 02:00:00+0000,30821.75,30869.5,30815.0,30866.0,6248
2026-09-30 23:00:00-0400,2026-10-01 03:00:00+0000,30865.25,30929.25,30860.0,30928.5,5974
2026-10-01 00:00:00-0400,2026-10-01 04:00:00+0000,30941.0,30987.5,30921.0,30984.5,9051
2026-10-01 01:00:00-0400,2026-10-01 05:00:00+0000,30984.5,31095.25,30983.5,31094.75,12463
2026-10-01 02:00:00-0400,2026-10-01 06:00:00+0000,31095.0,31151.5,31025.0,31025.0,15931
2026-10-01 03:00:00-0400,2026-10-01 07:00:00+0000,31024.25,31043.25,30796.5,30850.25,25198
2026-10-01 04:00:00-0400,2026-10-01 08:00:00+0000,30852.5,30906.75,30757.75,30843.5,18399
2026-10-01 05:00:00-0400,2026-10-01 09:00:00+0000,30844.0,30904.0,30837.0,30853.5,7864
2026-10-01 06:00:00-0400,2026-10-01 10:00:00+0000,30853.25,30949.75,30784.25,30938.75,11866
2026-10-01 07:00:00-0400,2026-10-01 11:00:00+0000,30938.25,30941.5,30814.75,30881.0,11394
2026-10-01 08:00:00-0400,2026-10-01 12:00:00+0000,30881.0,30889.75,30813.25,30816.5,14345
2026-10-01 09:00:00-0400,2026-10-01 13:00:00+0000,30817.25,30858.0,30700.5,30746.0,106547
2026-10-01 10:00:00-0400,2026-10-01 14:00:00+0000,30748.5,30754.0,30560.75,30636.0,142666
2026-10-01 11:00:00-0400,2026-10-01 15:00:00+0000,30635.75,30680.5,30529.25,30611.5,98704
2026-10-01 12:00:00-0400,2026-10-01 16:00:00+0000,30612.5,30673.75,30555.75,30595.25,53325
2026-10-01 13:00:00-0400,2026-10-01 17:00:00+0000,30595.25,30883.5,30589.0,30794.75,88902
2026-10-01 14:00:00-0400,2026-10-01 18:00:00+0000,30794.75,30841.75,30705.0,30839.75,63181
2026-10-01 15:00:00-0400,2026-10-01 19:00:00+0000,30840.5,30856.5,30747.75,30773.75,52878
2026-10-01 16:00:00-0400,2026-10-01 20:00:00+0000,30773.0,30815.75,30762.0,30771.25,13303
2026-10-01 18:00:00-0400,2026-10-01 22:00:00+0000,30771.25,30835.75,30760.25,30830.5,4292
2026-10-01 19:00:00-0400,2026-10-01 23:00:00+0000,30829.75,30854.75,30797.75,30840.25,4974
2026-10-01 20:00:00-0400,2026-10-02 00:00:00+0000,30839.0,30920.0,30810.0,30844.75,11995
2026-10-01 21:00:00-0400,2026-10-02 01:00:00+0000,30845.0,30866.0,30791.5,30864.5,6883
2026-10-01 22:00:00-0400,2026-10-02 02:00:00+0000,30864.75,30893.5,30842.75,30889.75,5163
2026-10-01 23:00:00-0400,2026-10-02 03:00:00+0000,30892.0,30900.0,30862.75,30881.25,3542
2026-10-02 00:00:00-0400,2026-10-02 04:00:00+0000,30892.25,30920.0,30883.25,30919.25,4186
2026-10-02 01:00:00-0400,2026-10-02 05:00:00+0000,30919.25,30935.75,30864.25,30874.5,5028
2026-10-02 02:00:00-0400,2026-10-02 06:00:00+0000,30874.0,30902.75,30839.5,30877.5,7495
2026-10-02 03:00:00-0400,2026-10-02 07:00:00+0000,30876.5,30990.0,30866.75,30973.25,10096
2026-10-02 04:00:00-0400,2026-10-02 08:00:00+0000,30974.0,31029.5,30953.0,31015.75,10578
2026-10-02 05:00:00-0400,2026-10-02 09:00:00+0000,31017.0,31035.5,30984.0,31005.75,7067
2026-10-02 06:00:00-0400,2026-10-02 10:00:00+0000,31005.75,31008.5,30940.0,30986.5,6874
2026-10-02 07:00:00-0400,2026-10-02 11:00:00+0000,30986.5,31000.0,30913.25,30935.75,9478
2026-10-02 08:00:00-0400,2026-10-02 12:00:00+0000,30934.75,31179.0,30918.0,31169.0,32098
2026-10-02 09:00:00-0400,2026-10-02 13:00:00+0000,31169.0,31222.25,31056.25,31185.0,102597
2026-10-02 10:00:00-0400,2026-10-02 14:00:00+0000,31185.25,31282.5,31155.75,31166.5,88813
2026-10-02 11:00:00-0400,2026-10-02 15:00:00+0000,31166.0,31181.25,30988.0,31101.25,88596
2026-10-02 12:00:00-0400,2026-10-02 16:00:00+0000,31102.0,31130.25,31042.0,31071.5,41160
2026-10-02 13:00:00-0400,2026-10-02 17:00:00+0000,31071.75,31108.5,30994.75,31047.75,38861
2026-10-02 14:00:00-0400,2026-10-02 18:00:00+0000,31048.0,31057.5,31011.25,31043.0,22681
2026-10-02 15:00:00-0400,2026-10-02 19:00:00+0000,31043.75,31090.75,31026.75,31070.0,49140
2026-10-02 16:00:00-0400,2026-10-02 20:00:00+0000,31070.0,31094.0,31043.75,31061.75,11128
2026-10-04 18:00:00-0400,2026-10-04 22:00:00+0000,31131.0,31166.75,31117.75,31160.0,3927
2026-10-04 19:00:00-0400,2026-10-04 23:00:00+0000,31160.5,31169.0,31120.0,31146.75,5651
2026-10-04 20:00:00-0400,2026-10-05 00:00:00+0000,31144.75,31194.5,31124.25,31187.0,8367
2026-10-04 21:00:00-0400,2026-10-05 01:00:00+0000,31186.75,31221.25,31180.25,31189.75,6061
2026-10-04 22:00:00-0400,2026-10-05 02:00:00+0000,31188.75,31202.25,31100.25,31105.5,8041
2026-10-04 23:00:00-0400,2026-10-05 03:00:00+0000,31105.0,31129.5,31075.75,31077.0,7867
2026-10-05 00:00:00-0400,2026-10-05 04:00:00+0000,31078.75,31090.5,31034.75,31063.25,6153
2026-10-05 01:00:00-0400,2026-10-05 05:00:00+0000,31062.75,31085.0,31021.0,31044.75,6710
2026-10-05 02:00:00-0400,2026-10-05 06:00:00+0000,31045.5,31081.0,31003.75,31040.0,7585
2026-10-05 03:00:00-0400,2026-10-05 07:00:00+0000,31040.25,31072.75,31022.75,31060.0,6669
2026-10-05 04:00:00-0400,2026-10-05 08:00:00+0000,31061.25,31099.25,30974.75,31031.0,14245
2026-10-05 05:00:00-0400,2026-10-05 09:00:00+0000,31031.5,31042.0,30957.5,30990.75,6078
2026-10-05 06:00:00-0400,2026-10-05 10:00:00+0000,30988.25,31046.75,30960.0,31028.0,7073
2026-10-05 07:00:00-0400,2026-10-05 11:00:00+0000,31029.25,31070.25,30986.0,31023.0,9379
2026-10-05 08:00:00-0400,2026-10-05 12:00:00+0000,31021.5,31037.0,30965.0,30995.75,10728
2026-10-05 09:00:00-0400,2026-10-05 13:00:00+0000,30995.5,31229.5,30988.5,31155.25,70296
2026-10-05 10:00:00-0400,2026-10-05 14:00:00+0000,31156.5,31254.75,31115.0,31248.25,66840
2026-10-05 11:00:00-0400,2026-10-05 15:00:00+0000,31248.0,31254.5,31206.0,31236.0,38283
2026-10-05 12:00:00-0400,2026-10-05 16:00:00+0000,31235.5,31274.75,31200.5,31248.5,33968
2026-10-05 13:00:00-0400,2026-10-05 17:00:00+0000,31249.75,31318.75,31235.75,31296.0,30024
2026-10-05 14:00:00-0400,2026-10-05 18:00:00+0000,31295.5,31325.0,31273.5,31320.5,25342
2026-10-05 15:00:00-0400,2026-10-05 19:00:00+0000,31320.75,31371.0,31291.25,31338.5,64677
2026-10-05 16:00:00-0400,2026-10-05 20:00:00+0000,31338.0,31348.0,31318.25,31339.5,12096
2026-10-05 18:00:00-0400,2026-10-05 22:00:00+0000,31346.75,31385.25,31325.5,31332.0,4223
2026-10-05 19:00:00-0400,2026-10-05 23:00:00+0000,31331.75,31368.25,31328.75,31349.5,3701
2026-10-05 20:00:00-0400,2026-10-06 00:00:00+0000,31350.25,31394.75,31337.25,31391.25,7567
2026-10-05 21:00:00-0400,2026-10-06 01:00:00+0000,31392.0,31411.25,31330.0,31338.0,9021
2026-10-05 22:00:00-0400,2026-10-06 02:00:00+0000,31337.5,31350.0,31309.25,31341.0,5239
2026-10-05 23:00:00-0400,2026-10-06 03:00:00+0000,31342.0,31366.25,31339.0,31350.0,3919
2026-10-06 00:00:00-0400,2026-10-06 04:00:00+0000,31366.25,31370.0,31332.25,31341.0,3002
2026-10-06 01:00:00-0400,2026-10-06 05:00:00+0000,31340.75,31380.25,31336.0,31377.75,3536
2026-10-06 02:00:00-0400,2026-10-06 06:00:00+0000,31378.75,31399.0,31363.5,31382.75,4296
2026-10-06 03:00:00-0400,2026-10-06 07:00:00+0000,31383.0,31392.25,31340.0,31380.75,6145
2026-10-06 04:00:00-0400,2026-10-06 08:00:00+0000,31380.5,31408.25,31361.0,31390.75,6942
2026-10-06 05:00:00-0400,2026-10-06 09:00:00+0000,31390.25,31427.75,31387.25,31407.5,6025
2026-10-06 06:00:00-0400,2026-10-06 10:00:00+0000,31407.5,31462.75,31393.0,31443.75,6945
2026-10-06 07:00:00-0400,2026-10-06 11:00:00+0000,31443.5,31535.75,31440.25,31509.5,13573
2026-10-06 08:00:00-0400,2026-10-06 12:00:00+0000,31509.25,31539.0,31455.0,31490.5,14400
2026-10-06 09:00:00-0400,2026-10-06 13:00:00+0000,31491.25,31567.0,31457.75,31548.0,79118
2026-10-06 10:00:00-0400,2026-10-06 14:00:00+0000,31548.5,31590.75,31480.0,31583.5,78640
2026-10-06 11:00:00-0400,2026-10-06 15:00:00+0000,31583.75,31616.5,31563.0,31569.0,46257
2026-10-06 12:00:00-0400,2026-10-06 16:00:00+0000,31568.75,31573.5,31515.75,31529.5,37240
2026-10-06 13:00:00-0400,2026-10-06 17:00:00+0000,31529.25,31546.0,31480.75,31526.0,38037
2026-10-06 14:00:00-0400,2026-10-06 18:00:00+0000,31526.25,31557.5,31505.25,31533.0,31798
2026-10-06 15:00:00-0400,2026-10-06 19:00:00+0000,31532.75,31537.5,31467.75,31480.75,49182
2026-10-06 16:00:00-0400,2026-10-06 20:00:00+0000,31480.5,31504.25,31476.75,31500.5,9882
2026-10-06 17:00:00-0400,2026-10-06 21:00:00+0000,31501.0,31501.0,31501.0,31501.0,1
2026-10-06 18:00:00-0400,2026-10-06 22:00:00+0000,31510.0,31521.0,31484.75,31492.0,4283
2026-10-06 19:00:00-0400,2026-10-06 23:00:00+0000,31491.75,31510.5,31486.25,31487.0,2986
2026-10-06 20:00:00-0400,2026-10-07 00:00:00+0000,31486.25,31517.25,31478.75,31493.5,7540
2026-10-06 21:00:00-0400,2026-10-07 01:00:00+0000,31492.75,31510.5,31478.0,31481.0,5790
2026-10-06 22:00:00-0400,2026-10-07 02:00:00+0000,31480.75,31483.0,31430.0,31460.75,8078
2026-10-06 23:00:00-0400,2026-10-07 03:00:00+0000,31460.25,31483.75,31445.0,31480.25,4132
2026-10-07 00:00:00-0400,2026-10-07 04:00:00+0000,31472.25,31487.5,31465.25,31472.5,2277
2026-10-07 01:00:00-0400,2026-10-07 05:00:00+0000,31473.25,31497.75,31451.0,31476.5,4993
2026-10-07 02:00:00-0400,2026-10-07 06:00:00+0000,31477.75,31480.75,31450.0,31456.0,4245
2026-10-07 03:00:00-0400,2026-10-07 07:00:00+0000,31455.0,31482.0,31401.5,31429.5,9651
2026-10-07 04:00:00-0400,2026-10-07 08:00:00+0000,31430.0,31447.5,31405.5,31411.75,6140
2026-10-07 05:00:00-0400,2026-10-07 09:00:00+0000,31411.5,31413.5,31325.0,31359.0,11151
2026-10-07 06:00:00-0400,2026-10-07 10:00:00+0000,31359.0,31368.5,31280.5,31299.5,11282
2026-10-07 07:00:00-0400,2026-10-07 11:00:00+0000,31298.75,31304.0,31217.25,31267.5,19103
2026-10-07 08:00:00-0400,2026-10-07 12:00:00+0000,31266.75,31280.75,31206.25,31259.25,15476
2026-10-07 09:00:00-0400,2026-10-07 13:00:00+0000,31259.25,31275.5,31143.0,31238.0,90481
2026-10-07 10:00:00-0400,2026-10-07 14:00:00+0000,31238.75,31288.25,31191.25,31253.5,73036
2026-10-07 11:00:00-0400,2026-10-07 15:00:00+0000,31254.0,31373.0,31228.5,31338.25,59879
