trade_no,entry_time_uk,exit_time_uk,entry_price,exit_price,return_pct,holding_hours,result
1,2025-10-16 18:00:00+0100,2025-10-17 15:00:00+0100,24865.5,24920.849100066087,0.22259395574626417,21,WIN
2,2025-10-16 19:00:00+0100,2025-10-17 15:00:00+0100,24798.5,24920.849100066087,0.49337298653582273,20,WIN
3,2025-10-22 15:00:00+0100,2025-10-23 14:00:00+0100,25173,25172.565013616335,-0.0017279878586795583,23,LOSS
4,2025-10-22 16:00:00+0100,2025-10-23 14:00:00+0100,25100.25,25172.565013616335,0.288104754400198,22,WIN
5,2025-10-30 14:00:00+0000,2025-11-03 09:00:00+0000,26016.5,26156,0.5361981819230088,91,WIN
6,2025-10-30 15:00:00+0000,2025-11-03 09:00:00+0000,25991,26156,0.6348351352391202,90,WIN
7,2025-11-04 00:00:00+0000,2025-11-05 14:00:00+0000,26013.75,25686.911834041184,-1.2564054238962674,38,LOSS
8,2025-11-04 01:00:00+0000,2025-11-05 14:00:00+0000,26008.5,25686.911834041184,-1.2364733297145825,37,LOSS
9,2025-11-06 15:00:00+0000,2025-11-10 18:00:00+0000,25303,25673.20180380075,1.463074749242188,99,WIN
10,2025-11-06 16:00:00+0000,2025-11-10 18:00:00+0000,25220.5,25673.20180380075,1.794975531019416,98,WIN
11,2025-11-11 13:00:00+0000,2025-11-12 00:00:00+0000,25597,25699.5,0.40043755127554537,11,WIN
12,2025-11-11 14:00:00+0000,2025-11-12 00:00:00+0000,25627,25699.5,0.28290474889764994,10,WIN
13,2025-11-12 15:00:00+0000,2025-11-14 16:00:00+0000,25557,25268.25,-1.129827444535747,49,LOSS
14,2025-11-12 16:00:00+0000,2025-11-14 16:00:00+0000,25532,25268.25,-1.033017389942037,48,LOSS
15,2025-11-17 13:00:00+0000,2025-11-19 14:00:00+0000,25078.25,24817.832135071196,-1.0384212013549776,49,LOSS
16,2025-11-17 14:00:00+0000,2025-11-19 14:00:00+0000,25198.5,24817.832135071196,-1.5106766868218546,48,LOSS
17,2025-11-20 17:00:00+0000,2025-11-21 14:00:00+0000,24395,24298,-0.39762246361959575,21,LOSS
18,2025-11-20 18:00:00+0000,2025-11-21 14:00:00+0000,24278.5,24298,0.08031797681076203,20,WIN
19,2025-11-21 16:00:00+0000,2025-11-21 17:00:00+0000,24372.25,24342.3353097859,-0.12274078188965198,1,LOSS
20,2025-11-25 12:00:00+0000,2025-11-25 13:00:00+0000,24910.25,24960,0.1997169839724533,1,WIN
21,2025-11-25 14:00:00+0000,2025-11-25 17:00:00+0000,24817,24996.667628080682,0.7239699725215765,3,WIN
22,2025-11-25 15:00:00+0000,2025-11-25 17:00:00+0000,24818,24996.667628080682,0.7199114678083651,2,WIN
23,2025-12-08 15:00:00+0000,2025-12-09 16:00:00+0000,25663,25716,0.20652300978061255,25,WIN
24,2025-12-08 16:00:00+0000,2025-12-09 16:00:00+0000,25639.5,25716,0.29836775288130113,24,WIN
25,2025-12-10 01:00:00+0000,2025-12-10 04:00:00+0000,25656.25,25710,0.20950060901339107,3,WIN
26,2025-12-10 02:00:00+0000,2025-12-10 04:00:00+0000,25674.25,25710,0.13924457384344446,2,WIN
27,2025-12-10 11:00:00+0000,2025-12-10 13:00:00+0000,25665.5,25720,0.2123473144883148,2,WIN
28,2025-12-10 12:00:00+0000,2025-12-10 13:00:00+0000,25648.25,25720,0.27974618151336283,1,WIN
29,2025-12-10 14:00:00+0000,2025-12-10 19:00:00+0000,25631.25,25773.87705249831,0.556457654224074,5,WIN
30,2025-12-10 15:00:00+0000,2025-12-10 19:00:00+0000,25566.75,25773.87705249831,0.810142284405746,4,WIN
31,2025-12-11 03:00:00+0000,2025-12-11 19:00:00+0000,25486.5,25722.75,0.926961332470122,16,WIN
32,2025-12-11 04:00:00+0000,2025-12-11 19:00:00+0000,25509.5,25722.75,0.8359630725808032,15,WIN
33,2025-12-12 12:00:00+0000,2025-12-15 11:00:00+0000,25567.25,25349.29572969458,-0.8524744362628844,71,LOSS
34,2025-12-12 13:00:00+0000,2025-12-15 11:00:00+0000,25625.75,25349.29572969458,-1.0788143578448262,70,LOSS
35,2025-12-15 16:00:00+0000,2025-12-16 10:00:00+0000,25162.5,25274.5,0.4451068057625518,18,WIN
36,2025-12-15 17:00:00+0000,2025-12-16 10:00:00+0000,25131.25,25274.5,0.570007460830646,17,WIN
37,2025-12-17 15:00:00+0000,2025-12-18 11:00:00+0000,25059.5,25104,0.17757736586923034,20,WIN
38,2025-12-17 16:00:00+0000,2025-12-18 11:00:00+0000,25034.5,25104,0.27761688869361034,19,WIN
39,2025-12-29 13:00:00+0000,2025-12-30 04:00:00+0000,25693,25752.5,0.23158058615186938,15,WIN
40,2025-12-29 15:00:00+0000,2025-12-30 04:00:00+0000,25702.75,25752.5,0.1935590549649424,13,WIN
41,2025-12-30 07:00:00+0000,2025-12-30 08:00:00+0000,25703.75,25741.25,0.14589310898214247,1,WIN
42,2025-12-30 10:00:00+0000,2025-12-30 11:00:00+0000,25727.25,25736,0.0340106307514354,1,WIN
43,2025-12-30 12:00:00+0000,2025-12-30 13:00:00+0000,25726.5,25744.75,0.07093852642217069,1,WIN
44,2025-12-30 14:00:00+0000,2025-12-30 15:00:00+0000,25756.75,25761.5,0.018441767691967925,1,WIN
45,2025-12-30 16:00:00+0000,2025-12-30 17:00:00+0000,25720.5,25739,0.07192706207110877,1,WIN
46,2025-12-30 18:00:00+0000,2025-12-30 19:00:00+0000,25732.5,25743,0.04080443019527369,1,WIN
47,2025-12-30 20:00:00+0000,2025-12-31 13:00:00+0000,25677.5,25714.75,0.14506863985979113,17,WIN
48,2025-12-30 21:00:00+0000,2025-12-31 13:00:00+0000,25676,25714.75,0.15091914628446723,16,WIN
49,2025-12-31 16:00:00+0000,2025-12-31 19:00:00+0000,25605,25634.5,0.1152118726811091,3,WIN
50,2025-12-31 17:00:00+0000,2025-12-31 19:00:00+0000,25581.5,25634.5,0.20718097062331076,2,WIN
51,2025-12-31 20:00:00+0000,2026-01-02 08:00:00+0000,25455.25,25718.5,1.0341678042839808,36,WIN
52,2025-12-31 21:00:00+0000,2026-01-02 08:00:00+0000,25434.75,25718.5,1.1155997208543322,35,WIN
53,2026-01-02 16:00:00+0000,2026-01-05 11:00:00+0000,25341.5,25577,0.9293056843517444,67,WIN
54,2026-01-02 17:00:00+0000,2026-01-05 11:00:00+0000,25323.75,25577,1.0000493607779326,66,WIN
55,2026-01-06 09:00:00+0000,2026-01-06 12:00:00+0000,25586.75,25649,0.2432899840737912,3,WIN
56,2026-01-06 10:00:00+0000,2026-01-06 12:00:00+0000,25592,25649,0.22272585182869786,2,WIN
57,2026-01-07 11:00:00+0000,2026-01-07 14:00:00+0000,25768,25856.215899735897,0.34234670807162804,3,WIN
58,2026-01-07 12:00:00+0000,2026-01-07 14:00:00+0000,25766.25,25856.215899735897,0.3491617900777122,2,WIN
59,2026-01-08 07:00:00+0000,2026-01-09 09:00:00+0000,25749.75,25725.25,-0.09514655482092405,26,LOSS
60,2026-01-08 15:00:00+0000,2026-01-09 09:00:00+0000,25684.25,25725.25,0.15963090220660892,18,WIN
61,2026-01-09 15:00:00+0000,2026-01-09 16:00:00+0000,25812.25,25840.567819575248,0.10970690108473846,1,WIN
62,2026-01-13 11:00:00+0000,2026-01-13 13:00:00+0000,25900.5,25995.901195019578,0.36833727155682894,2,WIN
63,2026-01-13 17:00:00+0000,2026-01-15 09:00:00+0000,25877.25,25798.48255796011,-0.30438876634839573,40,LOSS
64,2026-01-13 18:00:00+0000,2026-01-15 09:00:00+0000,25839.75,25798.48255796011,-0.15970526820070496,39,LOSS
65,2026-01-16 15:00:00+0000,2026-01-21 14:00:00+0000,25680.5,25287.534901908988,-1.5302081271432066,119,LOSS
66,2026-01-16 16:00:00+0000,2026-01-21 14:00:00+0000,25716.5,25287.534901908988,-1.6680539657068838,118,LOSS
67,2026-01-23 09:00:00+0000,2026-01-23 15:00:00+0000,25558.25,25775.793175986077,0.8511661635130618,6,WIN
68,2026-01-23 10:00:00+0000,2026-01-23 15:00:00+0000,25574.25,25775.793175986077,0.7880707195170089,5,WIN
69,2026-01-26 00:00:00+0000,2026-01-26 14:00:00+0000,25582,25805.498840080356,0.8736566338845897,14,WIN
70,2026-01-29 14:00:00+0000,2026-02-02 14:00:00+0000,25864,25791.617900209894,-0.27985655656551645,96,LOSS
71,2026-01-29 15:00:00+0000,2026-02-02 14:00:00+0000,25576.75,25791.617900209894,0.8400907082013687,95,WIN
72,2026-02-03 15:00:00+0000,2026-02-06 11:00:00+0000,25617.5,24873.25,-2.905240558212163,68,LOSS
73,2026-02-03 16:00:00+0000,2026-02-06 11:00:00+0000,25491.25,24873.25,-2.4243613004462317,67,LOSS
74,2026-02-09 14:00:00+0000,2026-02-09 15:00:00+0000,25113.25,25310.778770682744,0.7865520021611783,1,WIN
75,2026-02-10 14:00:00+0000,2026-02-10 15:00:00+0000,25392.25,25399.63018236074,0.029064704233539018,1,WIN
76,2026-02-10 16:00:00+0000,2026-02-10 17:00:00+0000,25327,25396.418945036778,0.2740906741294902,1,WIN
77,2026-02-10 18:00:00+0000,2026-02-11 13:00:00+0000,25312.5,25401.85399510842,0.3530034374653601,19,WIN
78,2026-02-10 19:00:00+0000,2026-02-11 13:00:00+0000,25294.5,25401.85399510842,0.42441635576280223,18,WIN
79,2026-02-11 16:00:00+0000,2026-02-11 19:00:00+0000,25181,25360.5,0.7128390453119415,3,WIN
80,2026-02-11 17:00:00+0000,2026-02-11 19:00:00+0000,25263.75,25360.5,0.38295977438029816,2,WIN
81,2026-02-12 15:00:00+0000,2026-02-13 14:00:00+0000,25010.25,24849.5,-0.6427364780440037,23,LOSS
82,2026-02-12 16:00:00+0000,2026-02-13 14:00:00+0000,24878.5,24849.5,-0.11656651325441247,22,LOSS
83,2026-02-13 15:00:00+0000,2026-02-13 16:00:00+0000,24810.25,24862.170531484502,0.20927048894914257,1,WIN
84,2026-02-17 06:00:00+0000,2026-02-17 19:00:00+0000,24627.25,24889.75,1.065892456526818,13,WIN
85,2026-02-17 07:00:00+0000,2026-02-17 19:00:00+0000,24660,24889.75,0.931670721816702,12,WIN
86,2026-02-19 10:00:00+0000,2026-02-20 05:00:00+0000,24854.25,24948.5,0.37921079895792964,19,WIN
87,2026-02-19 11:00:00+0000,2026-02-20 05:00:00+0000,24878.5,24948.5,0.28136744578652895,18,WIN
88,2026-02-20 12:00:00+0000,2026-02-20 14:00:00+0000,24829,24957.5,0.5175399734181907,2,WIN
89,2026-02-20 13:00:00+0000,2026-02-20 14:00:00+0000,24769.25,24957.5,0.7600149378766075,1,WIN
90,2026-02-23 16:00:00+0000,2026-02-24 12:00:00+0000,24734.75,24902.25,0.6771849321298928,20,WIN
91,2026-02-23 17:00:00+0000,2026-02-24 12:00:00+0000,24744.75,24902.25,0.636498651229056,19,WIN
92,2026-02-26 15:00:00+0000,2026-03-02 16:00:00+0000,24998.75,25044.25,0.18200910045502727,97,WIN
93,2026-02-26 16:00:00+0000,2026-03-02 16:00:00+0000,24963.5,25044.25,0.3234722695134806,96,WIN
94,2026-03-03 09:00:00+0000,2026-03-04 10:00:00+0000,24453.75,24864.22153176168,1.6785627225340827,25,WIN
95,2026-03-03 10:00:00+0000,2026-03-04 10:00:00+0000,24452.75,24864.22153176168,1.6827208872690402,24,WIN
96,2026-03-05 13:00:00+0000,2026-03-05 14:00:00+0000,24993.75,25187.75,0.7761940485121244,1,WIN
97,2026-03-05 15:00:00+0000,2026-03-09 16:00:00+0000,25082.5,24717.747574830617,-1.4542108050209612,97,LOSS
98,2026-03-05 16:00:00+0000,2026-03-09 16:00:00+0000,25042.5,24717.747574830617,-1.296805131953216,96,LOSS
99,2026-03-11 08:00:00+0000,2026-03-11 14:00:00+0000,24967.5,25140.261943241905,0.691947304463425,6,WIN
100,2026-03-11 09:00:00+0000,2026-03-11 14:00:00+0000,24903.25,25140.261943241905,0.9517309718285905,5,WIN
101,2026-03-11 17:00:00+0000,2026-03-13 12:00:00+0000,24951,24705.49604818795,-0.9839443381509771,43,LOSS
102,2026-03-11 18:00:00+0000,2026-03-13 12:00:00+0000,24957.5,24705.49604818795,-1.009732352247017,42,LOSS
103,2026-03-13 16:00:00+0000,2026-03-16 10:00:00+0000,24397.25,24606.27011404136,0.8567363700472841,66,WIN
104,2026-03-13 17:00:00+0000,2026-03-16 10:00:00+0000,24374.25,24606.27011404136,0.9519066803752363,65,WIN
105,2026-03-18 13:00:00+0000,2026-03-19 19:00:00+0000,24971.75,24691.5,-1.1222681630242204,30,LOSS
106,2026-03-18 14:00:00+0000,2026-03-19 19:00:00+0000,24882.25,24691.5,-0.7666107365692398,29,LOSS
107,2026-03-20 10:00:00+0000,2026-03-23 11:00:00+0000,24406.75,24343.34674283738,-0.25977754990983426,73,LOSS
108,2026-03-20 11:00:00+0000,2026-03-23 11:00:00+0000,24444.25,24343.34674283738,-0.4127893355804324,72,LOSS
109,2026-03-24 14:00:00+0000,2026-03-24 20:00:00+0000,24242.5,24458.542032598103,0.8911705995590546,6,WIN
110,2026-03-24 19:00:00+0000,2026-03-24 20:00:00+0000,24218.75,24458.542032598103,0.990109037824416,1,WIN
111,2026-03-25 16:00:00+0000,2026-03-25 17:00:00+0000,24422,24493.75,0.2937924821881932,1,WIN
112,2026-03-25 18:00:00+0000,2026-03-30 12:00:00+0100,24354.5,23552.362674797496,-3.2935897891662846,113,LOSS
113,2026-03-25 19:00:00+0000,2026-03-30 12:00:00+0100,24372,23552.362674797496,-3.363028578707139,112,LOSS
114,2026-03-30 20:00:00+0100,2026-03-31 13:00:00+0100,23135.5,23439.25,1.3129173780553671,17,WIN
115,2026-03-30 21:00:00+0100,2026-03-31 13:00:00+0100,23106.25,23439.25,1.44116851501217,16,WIN
116,2026-04-02 03:00:00+0100,2026-04-06 05:00:00+0100,23884.75,24265,1.592020012769657,98,WIN
117,2026-04-02 04:00:00+0100,2026-04-06 05:00:00+0100,23821.5,24265,1.8617635329429394,97,WIN
118,2026-04-07 14:00:00+0100,2026-04-07 20:00:00+0100,24120.25,24381,1.0810418631647778,6,WIN
119,2026-04-07 15:00:00+0100,2026-04-07 20:00:00+0100,24009.25,24381,1.5483615689786179,5,WIN
120,2026-04-13 00:00:00+0100,2026-04-13 14:00:00+0100,24984,25310,1.3048350944604437,14,WIN
121,2026-04-23 19:00:00+0100,2026-04-24 01:00:00+0100,26860.5,27135.75,1.0247389289104847,6,WIN
122,2026-04-28 07:00:00+0100,2026-04-29 07:00:00+0100,27337.75,27317.25,-0.07498788305547732,24,LOSS
123,2026-04-28 08:00:00+0100,2026-04-29 07:00:00+0100,27338,27317.25,-0.07590167532373071,23,LOSS
124,2026-04-29 15:00:00+0100,2026-04-29 16:00:00+0100,27302.25,27309.5,0.026554587991833856,1,WIN
125,2026-04-29 17:00:00+0100,2026-04-29 19:00:00+0100,27199.25,27301,0.37409119736757646,2,WIN
126,2026-04-29 18:00:00+0100,2026-04-29 19:00:00+0100,27249.5,27301,0.1889942934732769,1,WIN
127,2026-04-29 21:00:00+0100,2026-04-29 23:00:00+0100,27148.75,27390.828771775843,0.8916755717145008,2,WIN
128,2026-05-04 17:00:00+0100,2026-05-05 07:00:00+0100,27706.25,27887,0.6523798781863377,14,WIN
129,2026-05-04 19:00:00+0100,2026-05-05 07:00:00+0100,27759.75,27887,0.458397499977492,12,WIN
130,2026-05-12 15:00:00+0100,2026-05-13 09:00:00+0100,29014.25,29447,1.4915084829006497,18,WIN
131,2026-05-12 16:00:00+0100,2026-05-13 09:00:00+0100,28839.75,29447,2.1056007767057627,17,WIN
132,2026-05-15 05:00:00+0100,2026-05-18 13:00:00+0100,29462.5,29419.75,-0.145099703012308,80,LOSS
133,2026-05-15 06:00:00+0100,2026-05-18 13:00:00+0100,29282.5,29419.75,0.4687099803637018,79,WIN
134,2026-05-18 16:00:00+0100,2026-05-20 07:00:00+0100,28997.25,29039.75,0.14656562260213502,39,WIN
135,2026-05-18 17:00:00+0100,2026-05-20 07:00:00+0100,29006,29039.75,0.1163552368475429,38,WIN
136,2026-05-21 12:00:00+0100,2026-05-21 18:00:00+0100,29253.25,29460.210284578046,0.7074779198142034,6,WIN
137,2026-05-21 13:00:00+0100,2026-05-21 18:00:00+0100,29194,29460.210284578046,0.911866426587804,5,WIN
138,2026-05-27 15:00:00+0100,2026-05-28 14:00:00+0100,29940.75,30112,0.571962960179695,23,WIN
139,2026-05-27 16:00:00+0100,2026-05-28 14:00:00+0100,29936,30112,0.5879208979155504,22,WIN
140,2026-06-02 02:00:00+0100,2026-06-02 15:00:00+0100,30333.5,30647.25,1.034334976181439,13,WIN
141,2026-06-02 03:00:00+0100,2026-06-02 15:00:00+0100,30374,30647.25,0.8996180944228716,12,WIN
142,2026-06-03 21:00:00+0100,2026-06-04 18:00:00+0100,30495,30563.25,0.22380718150516454,21,WIN
143,2026-06-03 23:00:00+0100,2026-06-04 18:00:00+0100,30457.75,30563.25,0.3463814628460682,19,WIN
144,2026-06-05 02:00:00+0100,2026-06-08 13:00:00+0100,30195.5,29510.5,-2.2685499494957906,83,LOSS
145,2026-06-05 15:00:00+0100,2026-06-08 13:00:00+0100,29853,29510.5,-1.1472883797273292,70,LOSS
146,2026-06-09 16:00:00+0100,2026-06-10 14:00:00+0100,28695.25,29163.25,1.6309319486674578,22,WIN
147,2026-06-09 17:00:00+0100,2026-06-10 14:00:00+0100,28480,29163.25,2.3990519662921317,21,WIN
148,2026-06-10 17:00:00+0100,2026-06-11 14:00:00+0100,28717.5,29016.75,1.0420475319926847,21,WIN
149,2026-06-10 18:00:00+0100,2026-06-11 14:00:00+0100,28780,29016.75,0.8226198749131441,20,WIN
150,2026-06-16 20:00:00+0100,2026-06-17 14:00:00+0100,30309.75,30542.25,0.7670799000321749,18,WIN
151,2026-06-16 21:00:00+0100,2026-06-17 14:00:00+0100,30300.5,30542.25,0.7978416197752525,17,WIN
152,2026-06-17 19:00:00+0100,2026-06-18 14:00:00+0100,30274.75,30605.884419212023,1.0937643389690166,19,WIN
153,2026-06-17 20:00:00+0100,2026-06-18 14:00:00+0100,29994.75,30605.884419212023,2.037471288182169,18,WIN
154,2026-06-23 02:00:00+0100,2026-06-24 13:00:00+0100,30459.75,29872.75,-1.9271333481069242,35,LOSS
155,2026-06-23 03:00:00+0100,2026-06-24 13:00:00+0100,30405.25,29872.75,-1.7513422846383464,34,LOSS
156,2026-06-24 15:00:00+0100,2026-06-24 16:00:00+0100,29891,29907.5,0.05520056204209034,1,WIN
157,2026-06-24 17:00:00+0100,2026-06-24 21:00:00+0100,29606.5,30072.654207477848,1.5744995439442189,4,WIN
158,2026-06-24 18:00:00+0100,2026-06-24 21:00:00+0100,29387.25,30072.654207477848,2.332318292721669,3,WIN
159,2026-06-25 15:00:00+0100,2026-06-26 18:00:00+0100,29633.25,29700,0.22525372681025946,27,WIN
160,2026-06-25 16:00:00+0100,2026-06-26 18:00:00+0100,29659.75,29700,0.13570579657615767,26,WIN
161,2026-07-01 13:00:00+0100,2026-07-02 13:00:00+0100,30268.75,30263.813208752585,-0.016309861647456625,24,LOSS
162,2026-07-01 14:00:00+0100,2026-07-02 13:00:00+0100,30283.75,30263.813208752585,-0.06583329755204259,23,LOSS
163,2026-07-02 16:00:00+0100,2026-07-06 14:00:00+0100,29676,30009,1.1221188839466212,94,WIN
164,2026-07-02 17:00:00+0100,2026-07-06 14:00:00+0100,29462.25,30009,1.8557645800982625,93,WIN
165,2026-07-07 03:00:00+0100,2026-07-09 01:00:00+0100,29748,29583,-0.5546591367486919,46,LOSS
166,2026-07-07 04:00:00+0100,2026-07-09 01:00:00+0100,29661.75,29583,-0.2654934385193042,45,LOSS
167,2026-07-10 09:00:00+0100,2026-07-10 14:00:00+0100,29773.25,29968.5,0.6557900128471017,5,WIN
168,2026-07-10 10:00:00+0100,2026-07-10 14:00:00+0100,29814.75,29968.5,0.5156843508665965,4,WIN
169,2026-07-10 15:00:00+0100,2026-07-10 16:00:00+0100,29818.25,29991.079084555156,0.5796084094645382,1,WIN
170,2026-07-13 03:00:00+0100,2026-07-14 12:00:00+0100,29717,29666.40274329414,-0.1702636763665888,33,LOSS
171,2026-07-13 04:00:00+0100,2026-07-14 12:00:00+0100,29695.25,29666.40274329414,-0.09714434701125763,32,LOSS
172,2026-07-15 15:00:00+0100,2026-07-20 01:00:00+0100,29630.75,28963.5,-2.25188360065135,106,LOSS
173,2026-07-15 16:00:00+0100,2026-07-20 01:00:00+0100,29582,28963.5,-2.0907984585220696,105,LOSS
174,2026-07-20 21:00:00+0100,2026-07-21 04:00:00+0100,28777,29078,1.0459742155193297,7,WIN
175,2026-07-20 23:00:00+0100,2026-07-21 04:00:00+0100,28717.75,29078,1.2544506446361625,5,WIN
176,2026-07-22 07:00:00+0100,2026-07-24 11:00:00+0100,29092.75,28706.25,-1.3285096802467922,52,LOSS
177,2026-07-22 08:00:00+0100,2026-07-24 11:00:00+0100,29056,28706.25,-1.2037100770925124,51,LOSS
178,2026-07-24 15:00:00+0100,2026-07-29 00:00:00+0100,28449.25,28104.5,-1.2118069896394412,105,LOSS
179,2026-07-24 16:00:00+0100,2026-07-29 00:00:00+0100,28576,28104.5,-1.649986002239645,104,LOSS
180,2026-07-29 05:00:00+0100,2026-07-30 14:00:00+0100,27756,28016.309439203353,0.9378492549479533,33,WIN
181,2026-07-29 15:00:00+0100,2026-07-30 14:00:00+0100,27600,28016.309439203353,1.5083675333454893,23,WIN
182,2026-07-31 16:00:00+0100,2026-08-02 23:00:00+0100,28274,28641.25,1.2988965126971674,55,WIN
183,2026-07-31 17:00:00+0100,2026-08-02 23:00:00+0100,28367.5,28641.25,0.9650127787080187,54,WIN
184,2026-08-06 02:00:00+0100,2026-08-06 15:00:00+0100,29498,29667,0.5729201979795207,13,WIN
185,2026-08-06 13:00:00+0100,2026-08-06 15:00:00+0100,29399.5,29667,0.9098794197180293,2,WIN
186,2026-08-11 16:00:00+0100,2026-08-12 09:00:00+0100,29663.25,29799.5,0.4593225624299535,17,WIN
187,2026-08-11 17:00:00+0100,2026-08-12 09:00:00+0100,29626,29799.5,0.5856342401944215,16,WIN
188,2026-08-13 10:00:00+0100,2026-08-13 11:00:00+0100,29876.5,29886.5,0.033471122788819585,1,WIN
189,2026-08-14 16:00:00+0100,2026-08-17 07:00:00+0100,30065.75,30327,0.8689289307600934,63,WIN
190,2026-08-14 17:00:00+0100,2026-08-17 07:00:00+0100,30059,30327,0.8915798928773366,62,WIN
191,2026-08-17 18:00:00+0100,2026-08-19 10:00:00+0100,30102.25,29630,-1.5688196065078208,40,LOSS
192,2026-08-17 19:00:00+0100,2026-08-19 10:00:00+0100,30122.25,29630,-1.6341740739818533,39,LOSS
193,2026-08-19 12:00:00+0100,2026-08-19 13:00:00+0100,29536,29678.117057440846,0.48116555200719,1,WIN
194,2026-08-19 14:00:00+0100,2026-08-19 17:00:00+0100,29496.5,29667.25,0.5788822402657878,3,WIN
195,2026-08-19 15:00:00+0100,2026-08-19 17:00:00+0100,29623.25,29667.25,0.1485319807921215,2,WIN
196,2026-08-20 10:00:00+0100,2026-08-21 08:00:00+0100,29528.25,29432.325429291865,-0.3248569444790461,22,LOSS
197,2026-08-20 11:00:00+0100,2026-08-21 08:00:00+0100,29566,29432.325429291865,-0.45212260944373917,21,LOSS
198,2026-08-21 15:00:00+0100,2026-08-21 16:00:00+0100,29331.75,29488.75,0.535256164395248,1,WIN
199,2026-08-24 01:00:00+0100,2026-08-25 05:00:00+0100,29427.25,29217.25,-0.7136242768182588,28,LOSS
200,2026-08-24 02:00:00+0100,2026-08-25 05:00:00+0100,29323.25,29217.25,-0.3614878978285163,27,LOSS
201,2026-08-26 02:00:00+0100,2026-08-26 12:00:00+0100,29133.5,29278.75,0.49856694183672,10,WIN
202,2026-08-26 03:00:00+0100,2026-08-26 12:00:00+0100,29220.25,29278.75,0.20020362591011143,9,WIN
203,2026-08-26 13:00:00+0100,2026-08-26 14:00:00+0100,29150.75,29331.550928121902,0.6202273633505229,1,WIN
204,2026-08-26 15:00:00+0100,2026-08-26 16:00:00+0100,29252.25,29291.5,0.13417771282551172,1,WIN
205,2026-08-26 17:00:00+0100,2026-08-26 18:00:00+0100,29216.75,29293.75,0.2635474513763558,1,WIN
206,2026-08-28 16:00:00+0100,2026-08-31 20:00:00+0100,29552.5,29535.41535038713,-0.057811182177036624,76,LOSS
207,2026-08-28 17:00:00+0100,2026-08-31 20:00:00+0100,29501.25,29535.41535038713,0.11580983987842242,75,WIN
208,2026-09-01 10:00:00+0100,2026-09-02 13:00:00+0100,29212.5,29149.5,-0.2156611039794587,27,LOSS
209,2026-09-01 11:00:00+0100,2026-09-02 13:00:00+0100,29210,29149.5,-0.2071208490243115,26,LOSS
210,2026-09-02 14:00:00+0100,2026-09-02 15:00:00+0100,29062.25,29168.048056114723,0.3640394536373659,1,WIN
211,2026-09-03 11:00:00+0100,2026-09-03 13:00:00+0100,29128,29248.51169860487,0.4137314563473993,2,WIN
212,2026-09-03 12:00:00+0100,2026-09-03 13:00:00+0100,29105.5,29248.51169860487,0.4913562680760375,1,WIN
213,2026-09-04 15:00:00+0100,2026-09-08 05:00:00+0100,29521,29732.98107025958,0.7180687316133527,86,WIN
214,2026-09-04 16:00:00+0100,2026-09-08 05:00:00+0100,29515,29732.98107025958,0.7385433517180351,85,WIN
215,2026-09-08 10:00:00+0100,2026-09-08 14:00:00+0100,29599.75,29686.5,0.293076799635128,4,WIN
216,2026-09-08 15:00:00+0100,2026-09-08 18:00:00+0100,29563,29641.5,0.26553462097893554,3,WIN
217,2026-09-08 21:00:00+0100,2026-09-09 02:00:00+0100,29525.75,29608.5,0.28026383749777395,5,WIN
218,2026-09-08 23:00:00+0100,2026-09-09 02:00:00+0100,29544.75,29608.5,0.2157743761582065,3,WIN
219,2026-09-09 10:00:00+0100,2026-09-10 06:00:00+0100,29400.5,29508.25,0.36649036581011263,20,WIN
220,2026-09-09 11:00:00+0100,2026-09-10 06:00:00+0100,29391.5,29508.25,0.3972236871204293,19,WIN
221,2026-09-10 10:00:00+0100,2026-09-11 08:00:00+0100,29406.5,29268.75,-0.46843384965908896,22,LOSS
222,2026-09-10 11:00:00+0100,2026-09-11 08:00:00+0100,29376,29268.75,-0.36509395424836333,21,LOSS
223,2026-09-14 00:00:00+0100,2026-09-14 16:00:00+0100,29017.5,29380.284157782156,1.2502254080543063,16,WIN
224,2026-09-14 01:00:00+0100,2026-09-14 16:00:00+0100,29014.5,29380.284157782156,1.260694334840018,15,WIN
225,2026-09-15 16:00:00+0100,2026-09-16 08:00:00+0100,29277.75,29398,0.4107214522973912,16,WIN
226,2026-09-15 17:00:00+0100,2026-09-16 08:00:00+0100,29279.5,29398,0.4047200259567285,15,WIN
227,2026-09-16 20:00:00+0100,2026-09-17 08:00:00+0100,29254.25,29567.5,1.0707845868549004,12,WIN
228,2026-09-16 21:00:00+0100,2026-09-17 08:00:00+0100,29263.75,29567.5,1.0379736021528307,11,WIN
229,2026-09-24 07:00:00+0100,2026-09-24 18:00:00+0100,30541.75,30827.5,0.935604541324575,11,WIN
230,2026-09-24 08:00:00+0100,2026-09-24 18:00:00+0100,30559.5,30827.5,0.8769776992424649,10,WIN
231,2026-09-28 02:00:00+0100,2026-09-29 11:00:00+0100,30743,30643.25,-0.32446410565006856,33,LOSS
232,2026-09-28 03:00:00+0100,2026-09-29 11:00:00+0100,30679.25,30643.25,-0.11734315539004836,32,LOSS
233,2026-09-30 07:00:00+0100,2026-09-30 08:00:00+0100,30588.25,30693.25,0.34326906573602933,1,WIN
234,2026-09-30 12:00:00+0100,2026-09-30 13:00:00+0100,30590.25,30726.74425727677,0.44620183645693867,1,WIN
235,2026-10-01 15:00:00+0100,2026-10-02 08:00:00+0100,30636,30990,1.155503329416363,17,WIN
236,2026-10-01 16:00:00+0100,2026-10-02 08:00:00+0100,30611.5,30990,1.2364634206099012,16,WIN
237,2026-10-05 10:00:00+0100,2026-10-05 14:00:00+0100,30990.75,31194.44924208201,0.6572904562877957,4,WIN
238,2026-10-05 11:00:00+0100,2026-10-05 14:00:00+0100,31028,31194.44924208201,0.5364485048408252,3,WIN
